pl_name,hostname,discoverymethod,default_flag,pl_bmasse,pl_rade,pl_eqt,pl_orbeccen,st_met,st_teff,st_rad,st_mass,pl_insol
BD+60 1417 b,BD+60 1417,Imaging,1,4767.426105,14.68376472,1303.0,,,4993.0,0.797,1.0,
BD-14 3065 b,BD-14 3065 A,Transit,1,3932.0,21.59,2001.0,0.066,-0.34,6935.0,2.35,1.41,
CFHTWIR-Oph 98 b,CFHTWIR-Oph 98 A,Imaging,1,2479.0615746,20.8487041,1800.0,,,2320.0,0.245,0.0147,
CT Cha b,CT Cha,Imaging,1,5403.0,24.66,2600.0,,,,,,
CoRoT-1 b,CoRoT-1,Transit,1,327.35,16.7,1898.0,0.0,-0.3,5950.0,1.11,0.95,
CoRoT-10 b,CoRoT-10,Transit,1,874.0,10.87,600.0,0.53,0.26,5075.0,0.79,0.89,
CoRoT-11 b,CoRoT-11,Transit,1,740.51,16.03,1657.0,0.0,-0.03,6440.0,1.37,1.27,
CoRoT-12 b,CoRoT-12,Transit,1,291.438,16.14,1442.0,0.07,0.16,5675.0,1.116,1.078,
CoRoT-13 b,CoRoT-13,Transit,1,415.704,9.92,1700.0,0.0,0.01,5945.0,1.01,1.09,
CoRoT-14 b,CoRoT-14,Transit,1,2415.4,12.22,1952.0,0.0,0.05,6035.0,1.21,1.13,
CoRoT-17 b,CoRoT-17,Transit,1,772.29,11.43,1626.0,0.0,0.0,5740.0,1.59,1.04,
CoRoT-18 b,CoRoT-18,Transit,1,1102.82,14.68,1550.0,0.08,-0.1,5440.0,1.0,0.95,
CoRoT-19 b,CoRoT-19,Transit,1,352.78,14.46,2000.0,0.047,-0.02,6090.0,1.65,1.21,
CoRoT-22 b,CoRoT-22,Transit,1,12.2,4.88,885.0,0.077,0.17,5939.0,1.136,1.099,
CoRoT-23 b,CoRoT-23,Transit,1,889.9,11.77,1660.0,0.16,0.05,5900.0,1.61,1.14,
CoRoT-24 b,CoRoT-24,Transit,1,5.7,3.7,1070.0,0.0,0.3,4950.0,0.86,0.91,
CoRoT-24 c,CoRoT-24,Transit,1,28.0,5.0,850.0,0.0,0.3,4950.0,0.86,0.91,
CoRoT-25 b,CoRoT-25,Transit,1,85.81,12.11,1330.0,0.0,-0.01,6040.0,1.19,1.09,
CoRoT-26 b,CoRoT-26,Transit,1,165.26,14.12,1600.0,0.0,0.01,5590.0,1.79,1.09,
CoRoT-27 b,CoRoT-27,Transit,1,3302.11,11.287,1500.0,0.065,-0.1,5900.0,1.08,1.05,
CoRoT-32 b,CoRoT-32,Transit,1,47.6745,6.38913,938.0,,0.0,5970.0,0.79,1.08,132.26
CoRoT-35 b,CoRoT-35,Transit,1,349.6112477,18.83108758,1747.0,0.0,-0.5,6390.0,1.65,1.01,
CoRoT-36 b,CoRoT-36,Transit,1,216.12331676,15.80466279,1567.0,0.0,-0.1,6730.0,1.52,1.32,
CoRoT-4 b,CoRoT-4,Transit,1,228.83,13.34,1074.0,0.0,,6190.0,1.17,1.16,
CoRoT-5 b,CoRoT-5,Transit,1,148.42,15.558,1438.0,0.09,-0.25,6100.0,1.186,1.0,
CoRoT-6 b,CoRoT-6,Transit,1,940.74,13.068,1017.0,0.1,-0.2,6090.0,1.025,1.05,
CoRoT-9 b,CoRoT-9,Transit,1,266.9772,11.948794,420.0,0.133,-0.01,5625.0,0.96,0.96,
EPIC 201595106 b,EPIC 201595106,Transit,1,7.67,1.565,2038.0,0.0,0.01,5679.0,0.98,0.958,2852.0
EPIC 220674823 b,EPIC 220674823,Transit,1,7.8,1.676,2299.0,0.0,-0.005,5578.0,0.99,0.913,4656.0
EPIC 220674823 c,EPIC 220674823,Transit,1,7.32,2.84,804.0,0.17,-0.005,5578.0,0.99,0.913,70.0
EPIC 229004835 b,EPIC 229004835,Transit,1,10.4,2.332,804.0,0.23,-0.12,5868.0,0.999,0.97,69.7
EPIC 246851721 b,EPIC 246851721,Transit,1,953.49,11.780659,1401.0,,0.141,6202.0,1.586,1.317,642.0
EPIC 248847494 b,EPIC 248847494,Transit,1,4131.79,12.44199,183.0,0.0,-0.23,4898.0,2.7,0.9,0.19
EPIC 249893012 b,EPIC 249893012,Transit,1,8.75,1.95,1616.0,0.06,0.2,5430.0,1.71,1.05,1037.0
EPIC 249893012 c,EPIC 249893012,Transit,1,14.67,3.67,990.0,0.07,0.2,5430.0,1.71,1.05,160.0
EPIC 249893012 d,EPIC 249893012,Transit,1,10.18,3.94,752.0,0.15,0.2,5430.0,1.71,1.05,53.0
G 9-40 b,G 9-40,Transit,1,4.0,1.9,440.6,0.0,-0.07,3395.0,0.3026,0.2952,6.27
GJ 1132 b,GJ 1132,Transit,1,1.83704819,1.19151465,583.8,0.0118,-0.17,3229.0,0.2211,0.1945,19.3
GJ 1214 b,GJ 1214,Transit,1,8.41,2.733,567.0,0.0062,0.24,3101.0,0.2162,0.182,17.2
GJ 143 b,GJ 143,Transit,1,22.7,2.61,422.0,0.188,0.003,4640.0,0.695,0.73,
GJ 3090 b,GJ 3090,Transit,1,3.34,2.13,693.0,0.32,-0.06,3556.0,0.516,0.519,
GJ 3470 b,GJ 3470,Radial Velocity,1,13.9,4.57,593.5,,0.2,3600.0,0.547,0.539,
GJ 3473 b,GJ 3473,Transit,1,1.86,1.264,773.0,0.0,0.11,3347.0,0.364,0.36,59.4
GJ 367 b,GJ 367,Transit,1,0.633,0.699,1365.0,0.06,-0.01,3522.0,0.458,0.455,579.0
GJ 3929 b,GJ 3929,Transit,1,1.75,1.09,568.0,0.0,-0.02,3384.0,0.32,0.313,17.3
GJ 414 A b,GJ 414 A,Radial Velocity,1,7.6,2.63,308.6,0.45,0.24,4120.0,0.68,0.65,
GJ 414 A c,GJ 414 A,Radial Velocity,1,53.83,8.4,124.7,0.105,0.24,4120.0,0.68,0.65,
GJ 486 b,GJ 486,Radial Velocity,1,2.77,1.289,696.3,0.00086,-0.15,3317.0,0.3243,0.312,39.2
GJ 806 b,GJ 806,Transit,1,1.9,1.331,940.0,,-0.28,3600.0,0.4144,0.413,130.0
GJ 9827 b,GJ 9827,Transit,1,4.28,1.44,1035.01,,-0.29,4236.0,0.58,0.62,
GJ 9827 c,GJ 9827,Transit,1,1.86,1.13,715.94,,-0.29,4236.0,0.58,0.62,
GJ 9827 d,GJ 9827,Transit,1,3.02,1.98,675.0,,-0.29,4236.0,0.58,0.62,34.9
GPX-1 b,GPX-1,Transit,1,6261.2196179,16.47720163,2300.0,0.0,0.35,7000.0,1.56,1.68,4650.0
GQ Lup b,GQ Lup,Imaging,1,6356.0,33.6,2650.0,,,,,0.7,
GU Psc b,GU Psc,Imaging,1,3591.3,14.179,1050.0,,0.1,,,0.325,
Gliese 12 b,Gliese 12,Transit,1,3.87,0.958,314.6,0.5,-0.32,3296.0,0.2617,0.2414,1.62
HAT-P-1 b,HAT-P-1,Transit,1,166.86075,14.784671,1322.0,,0.13,5980.0,1.174,1.151,
HAT-P-12 b,HAT-P-12,Transit,1,67.059,10.749,963.0,0.0,-0.29,4650.0,0.701,0.733,
HAT-P-16 b,HAT-P-16,Transit,1,1332.605,14.448,1626.0,0.036,0.17,6158.0,1.237,1.218,
HAT-P-18 b,HAT-P-18,Transit,1,62.61,11.153,852.0,0.084,0.1,4803.0,0.749,0.77,
HAT-P-19 b,HAT-P-19,Transit,1,88.03846874,11.29865255,981.2,,0.166,4962.0,0.773,0.807,154.0
HAT-P-20 b,HAT-P-20,Transit,1,2302.899,9.718,970.0,0.015,0.35,4595.0,0.694,0.756,
HAT-P-23 b,HAT-P-23,Transit,1,664.237,15.334,2056.0,0.106,0.15,5905.0,1.203,1.13,
HAT-P-25 b,HAT-P-25,Transit,1,180.84527,12.722215,1182.0,0.023,0.294,5519.0,0.919,1.012,325.0
HAT-P-28 b,HAT-P-28,Transit,1,198.953,13.585,1384.0,0.051,0.12,5680.0,1.103,1.025,
HAT-P-32 b,HAT-P-32,Transit,1,216.1244,22.19382,1835.7,0.159,-0.16,6001.0,1.367,1.132,1841.0
HAT-P-36 b,HAT-P-36,Transit,1,587.413406,14.313893,1780.97,,,5620.0,1.041,1.03,
HAT-P-37 b,HAT-P-37,Transit,1,371.528,13.204,1271.0,0.058,0.03,5500.0,0.877,0.929,
HAT-P-38 b,HAT-P-38,Transit,1,84.857,9.247,1082.0,0.067,0.06,5330.0,0.923,0.886,
HAT-P-39 b,HAT-P-39,Transit,1,190.372,17.609,1752.0,0.0,0.19,6430.0,1.625,1.404,
HAT-P-4 b,HAT-P-4,Transit,1,213.255,14.28,1686.0,0.0,,5860.0,1.596,1.248,
HAT-P-42 b,HAT-P-42,Transit,1,331.801,14.348,1428.0,0.0,0.27,5743.0,1.53,1.178,
HAT-P-44 b,HAT-P-44,Transit,1,111.871,13.922,1108.0,0.044,0.33,5295.0,0.949,0.942,
HAT-P-45 b,HAT-P-45,Transit,1,283.492,15.984,1652.0,0.049,0.07,6330.0,1.319,1.259,
HAT-P-46 b,HAT-P-46,Transit,1,156.684,14.392,1458.0,0.123,0.3,6120.0,1.396,1.284,
HAT-P-50 b,HAT-P-50,Transit,1,429.0705,14.437192,1862.0,0.115,-0.18,6280.0,1.698,1.273,
HAT-P-51 b,HAT-P-51,Transit,1,97.57332095,13.50682174,1168.2,,0.302,5453.0,0.995,0.961,310.0
HAT-P-52 b,HAT-P-52,Transit,1,259.98494,11.309881,1218.0,0.047,0.28,5131.0,0.893,0.887,
HAT-P-53 b,HAT-P-53,Transit,1,471.65972,14.773462,1778.0,0.134,0.0,5956.0,1.209,1.093,
HAT-P-54 b,HAT-P-54,Transit,1,241.5508,10.581296,818.0,0.074,-0.127,4390.0,0.617,0.645,
HAT-P-55 b,HAT-P-55,Transit,1,189.42573057,14.84069045,1367.0,,0.003,5804.0,1.105,1.028,583.0
HAT-P-58 b,HAT-P-58,Transit,1,118.2321674,14.93036229,1622.0,0.073,-0.224,6078.0,1.53,1.031,1146.0
HAT-P-59 b,HAT-P-59,Transit,1,489.45574678,12.58768533,1277.8,0.03,0.217,5678.0,1.1038,1.008,441.4
HAT-P-60 b,HAT-P-60,Transit,1,182.43350562,18.28184752,1772.0,0.25,0.037,6212.0,2.197,1.435,1634.0
HAT-P-61 b,HAT-P-61,Transit,1,335.9446262,10.07687365,1505.0,0.113,0.194,5587.0,0.938,1.004,849.5
HAT-P-62 b,HAT-P-62,Transit,1,241.86741773,12.02723629,1512.0,0.101,0.414,5629.0,1.17,1.023,867.2
HAT-P-63 b,HAT-P-63,Transit,1,195.1466419,12.5428494,1237.0,0.069,0.251,5400.0,0.9661,0.925,387.4
HAT-P-64 b,HAT-P-64,Transit,1,184.34047606,19.08889413,1766.0,0.101,-0.113,6457.0,1.735,1.298,1611.0
HAT-P-65 b,HAT-P-65,Transit,1,176.07693748,18.05766791,1818.0,,0.208,5872.0,1.666,1.297,1821.0
HAT-P-66 b,HAT-P-66,Transit,1,248.86089,17.82231,1896.0,0.09,0.035,6002.0,1.881,1.255,
HAT-P-67 b,HAT-P-67,Transit,1,108.0622,23.370765,1903.0,0.0,-0.08,6406.0,2.546,1.642,
HAT-P-68 b,HAT-P-68,Transit,1,230.10892,12.016048,1027.8,0.041,-0.059,4508.0,0.6701,0.6785,184.8
HAT-P-69 b,HAT-P-69,Transit,1,1137.8314,18.786284,1930.0,0.0,-0.069,7394.0,1.926,1.648,
HAT-P-70 b,HAT-P-70,Transit,1,2154.8874,20.96083,2562.0,0.0,-0.059,8450.0,1.858,1.89,
HAT-P-9 b,HAT-P-9,Transit,1,238.05467,15.614137,1540.0,0.084,0.12,6350.0,1.338,1.281,931.0
HATS-1 b,HATS-1,Transit,1,589.55,14.594,1359.0,0.12,-0.06,5870.0,1.038,0.986,
HATS-10 b,HATS-10,Transit,1,167.17858,10.861521,1407.0,0.501,0.15,5880.0,1.105,1.101,
HATS-13 b,HATS-13,Transit,1,172.58169,13.585308,1244.0,0.181,0.05,5523.0,0.887,0.962,
HATS-14 b,HATS-14,Transit,1,340.39593,11.646151,1276.0,0.142,0.33,5346.0,0.933,0.967,
HATS-15 b,HATS-15,Transit,1,689.6911,12.385945,1505.0,0.126,0.0,5311.0,0.922,0.871,
HATS-16 b,HATS-16,Transit,1,1039.3041,14.5717,1592.0,0.0,-0.1,5738.0,1.238,0.97,
HATS-17 b,HATS-17,Transit,1,425.25654,8.709393,814.0,0.029,0.3,5846.0,1.091,1.131,72.7
HATS-18 b,HATS-18,Transit,1,629.144485,14.896761,2069.48,,,5600.0,1.02,1.037,
HATS-2 b,HATS-2,Transit,1,435.42491759,12.57647635,1550.0,,,,0.876,0.904,
HATS-22 b,HATS-22,Transit,1,870.8542,10.682177,858.0,0.079,0.0,4803.0,0.689,0.759,
HATS-23 b,HATS-23,Transit,1,467.2101,20.84874,1654.0,0.114,0.28,5780.0,1.199,1.121,
HATS-24 b,HATS-24,Transit,1,718.2958,15.636555,2166.0,0.0,-0.229,6125.0,1.12,1.07,
HATS-25 b,HATS-25,Transit,1,194.82979,14.12334,1277.0,0.176,0.02,5715.0,1.107,0.994,
HATS-26 b,HATS-26,Transit,1,206.5895,19.61575,1918.0,0.245,-0.02,6071.0,2.04,1.299,
HATS-27 b,HATS-27,Transit,1,168.4499,16.8135,1659.0,0.581,0.09,6438.0,1.74,1.415,
HATS-28 b,HATS-28,Transit,1,213.58176,13.383546,1253.0,0.202,0.01,5498.0,0.922,0.929,
HATS-29 b,HATS-29,Transit,1,207.54299,14.022459,1212.0,0.158,0.16,5670.0,1.073,1.032,
HATS-3 b,HATS-3,Transit,1,340.382,15.48,1648.0,0.0,-0.157,6351.0,1.404,1.209,
HATS-30 b,HATS-30,Transit,1,224.38798,13.170575,1414.0,0.096,0.06,5943.0,1.061,1.093,
HATS-31 b,HATS-31,Transit,1,279.6904,18.38276,1823.0,0.233,0.0,6050.0,1.87,1.275,
HATS-32 b,HATS-32,Transit,1,292.4036,14.000041,1437.0,0.471,0.39,5700.0,1.097,1.099,
HATS-33 b,HATS-33,Transit,1,378.85336,13.78707,1429.0,0.08,0.29,5659.0,1.022,1.062,
HATS-34 b,HATS-34,Transit,1,299.07803,16.02887,1445.0,0.108,0.25,5380.0,0.98,0.955,
HATS-35 b,HATS-35,Transit,1,388.38826,16.409976,2037.0,0.306,0.21,6300.0,1.433,1.317,
HATS-37 A b,HATS-37 A,Transit,1,31.46517,6.792654,1085.0,0.0,0.051,5326.0,0.877,0.843,229.7
HATS-38 b,HATS-38,Transit,1,23.51942,6.882326,1294.0,0.0,-0.102,5732.0,1.105,0.89,464.7
HATS-39 b,HATS-39,Transit,1,200.2329,17.59813,1645.0,0.275,0.0,6572.0,1.621,1.379,
HATS-4 b,HATS-4,Transit,1,420.471,11.433,1315.0,0.013,0.43,5403.0,0.925,1.001,
HATS-40 b,HATS-40,Transit,1,505.3497,17.71022,2101.0,0.312,0.01,6460.0,2.26,1.561,
HATS-41 b,HATS-41,Transit,1,3082.951,14.90797,1710.0,0.38,0.47,6424.0,1.71,1.496,
HATS-42 b,HATS-42,Transit,1,597.5204,15.6926,1856.0,0.229,0.22,6060.0,1.48,1.273,
HATS-43 b,HATS-43,Transit,1,82.95363,13.22662,1003.0,0.173,0.05,5099.0,0.812,0.837,
HATS-44 b,HATS-44,Transit,1,177.9848,11.960003,1161.0,0.279,0.32,5080.0,0.847,0.86,
HATS-45 b,HATS-45,Transit,1,222.481,14.414774,1518.0,0.24,0.02,6450.0,1.315,1.272,
HATS-46 b,HATS-46,Transit,1,54.98459,10.121727,1054.0,0.559,-0.06,5495.0,0.853,0.917,
HATS-47 b,HATS-47,Transit,1,117.27927,12.520453,852.9,0.088,-0.113,4512.0,0.6564,0.674,87.73
HATS-48 A b,HATS-48 A,Transit,1,77.23269,8.9672,954.6,0.162,0.186,4546.0,0.7152,0.7279,137.6
HATS-49 b,HATS-49,Transit,1,112.19399,8.574885,834.8,0.071,0.208,4405.0,0.6977,0.7133,80.45
HATS-5 b,HATS-5,Transit,1,75.323,10.223,1025.0,0.019,0.19,5304.0,0.871,0.936,
HATS-51 b,HATS-51,Transit,1,244.09344,15.80469,1553.0,0.33,,5758.0,1.44,1.187,
HATS-52 b,HATS-52,Transit,1,711.9392,15.490838,1834.0,0.246,,6010.0,1.046,1.111,
HATS-53 b,HATS-53,Transit,1,189.10885,15.02006,1312.0,0.33,,5644.0,1.101,0.964,
HATS-54 b,HATS-54,Transit,1,239.32479047,11.37711541,1429.0,0.0,0.37,5621.0,1.23,1.05,
HATS-55 b,HATS-55,Transit,1,292.72143,14.022459,1367.0,0.092,0.108,6214.0,1.126,1.1955,
HATS-56 b,HATS-56,Transit,1,191.33366,18.920792,1902.0,0.019,0.19,6536.0,2.201,1.573,
HATS-57 b,HATS-57,Transit,1,1000.21101,12.767051,1413.4,0.028,0.268,5587.0,0.96,1.026,
HATS-58 A b,HATS-58 A,Transit,1,327.3649,12.273855,1721.0,0.168,,7175.0,1.433,1.461,
HATS-59 b,HATS-59,Transit,1,256.17098,12.621334,1128.0,0.129,0.18,5670.0,1.036,1.038,269.0
HATS-6 b,HATS-6,Transit,1,101.38777,11.186582,712.8,0.0,0.2,3724.0,0.57,0.574,
HATS-60 b,HATS-60,Transit,1,210.40346,12.923977,1528.0,0.191,0.335,5688.0,1.46,1.097,903.9
HATS-61 b,HATS-61,Transit,1,1080.622,13.394755,1226.1,0.092,0.247,5542.0,1.664,1.076,374.2
HATS-62 b,HATS-62,Transit,1,56.89157,11.825495,1237.0,0.298,0.133,5416.0,0.933,0.896,387.4
HATS-63 b,HATS-63,Transit,1,305.1168,13.529263,1398.3,0.136,0.081,5627.0,1.07,0.931,634.1
HATS-64 b,HATS-64,Transit,1,305.1168,18.819911,1793.0,0.151,0.22,6554.0,2.113,1.564,1711.0
HATS-65 b,HATS-65,Transit,1,260.93843,16.824709,1634.0,0.062,0.199,6277.0,1.31,1.257,1178.0
HATS-66 b,HATS-66,Transit,1,1694.0339,15.815899,1998.0,0.064,-0.017,6626.0,1.841,1.411,2637.0
HATS-67 b,HATS-67,Transit,1,460.8535,18.887165,2193.0,0.057,0.332,6594.0,1.441,1.435,3821.0
HATS-68 b,HATS-68,Transit,1,410.0007,13.809488,1741.0,0.036,0.21,6147.0,1.748,1.351,1521.0
HATS-69 b,HATS-69,Transit,1,183.38791,10.592505,1295.7,0.519,0.377,5137.0,0.8785,0.892,466.6
HATS-7 b,HATS-7,Transit,1,38.1396,6.310667,1084.0,0.17,0.25,4985.0,0.815,0.849,
HATS-70 b,HATS-70,Transit,1,4100.007,15.513256,2730.0,0.18,0.041,7930.0,1.881,1.78,9110.0
HATS-71 b,HATS-71,Transit,1,117.5971,11.478016,586.8,0.0,0.17,3405.0,0.4783,0.4861,
HATS-72 b,HATS-72,Transit,1,39.855882,8.0973816,739.3,0.013,0.099,4656.1,0.7214,0.7311,49.58
HATS-74 A b,HATS-74 A,Transit,1,464.02947422,11.56766808,895.1,0.044,0.514,3776.9,0.5758,0.601,106.9
HATS-75 b,HATS-75,Transit,1,156.05374784,9.90873894,772.3,0.064,0.522,3790.4,0.5848,0.6017,59.26
HATS-76 b,HATS-76,Transit,1,835.570882,12.09449018,939.8,0.062,0.322,4016.0,0.6259,0.662,129.8
HATS-77 b,HATS-77,Transit,1,436.69623122,13.05846252,828.3,0.045,0.253,4071.0,0.6428,0.655,78.37
HATS-8 b,HATS-8,Transit,1,43.86054,9.785457,1324.0,0.376,0.21,5679.0,1.086,1.056,
HD 106315 b,HD 106315,Transit,1,12.6,2.44,1153.0,0.093,-0.311,6327.0,1.296,1.091,
HD 106315 c,HD 106315,Transit,1,15.2,4.35,886.0,0.22,-0.311,6327.0,1.296,1.091,
HD 110067 b,HD 110067,Transit,1,5.69,2.2,800.0,,-0.2,5266.0,0.788,0.798,
HD 110067 c,HD 110067,Transit,1,6.3,2.388,699.0,,-0.2,5266.0,0.788,0.798,
HD 110067 d,HD 110067,Transit,1,8.52,2.852,602.0,,-0.2,5266.0,0.788,0.798,
HD 110067 e,HD 110067,Transit,1,3.9,1.94,533.0,,-0.2,5266.0,0.788,0.798,
HD 110067 f,HD 110067,Transit,1,5.04,2.601,489.0,,-0.2,5266.0,0.788,0.798,
HD 110067 g,HD 110067,Transit,1,8.4,2.607,440.0,,-0.2,5266.0,0.788,0.798,
HD 110113 b,HD 110113,Transit,1,4.55,2.05,1371.0,0.093,0.14,5732.0,0.968,0.997,735.49
HD 118203 b,HD 118203,Radial Velocity,1,680.15279098,12.778238,1361.0,0.3136,0.287,5742.0,2.04,1.27,
HD 135344 A b,HD 135344 A,Imaging,1,3178.28407,16.25302201,1585.0,0.5,0.05,9540.0,1.5,,
HD 136352 b,HD 136352,Radial Velocity,1,4.72,1.664,905.0,0.0,-0.24,5664.0,1.058,0.87,111.6
HD 136352 c,HD 136352,Radial Velocity,1,11.24,2.916,677.0,0.0,-0.24,5664.0,1.058,0.87,35.1
HD 136352 d,HD 136352,Radial Velocity,1,8.82,2.562,431.0,0.0,-0.24,5664.0,1.058,0.87,5.74
HD 137496 b,HD 137496,Transit,1,4.04,1.31,2130.0,0.0,-0.03,5799.0,1.59,1.04,
HD 1397 b,HD 1397,Transit,1,131.89945,11.500434,1228.3,0.251,0.29,5521.0,2.336,1.324,356.0
HD 183579 b,HD 183579,Transit,1,20.4,3.49,752.0,0.061,-0.038,5784.0,0.96,0.996,
HD 191939 b,HD 191939,Transit,1,10.0,3.41,880.0,0.031,-0.15,5348.0,0.94,0.81,100.0
HD 191939 c,HD 191939,Transit,1,8.0,3.195,600.0,0.034,-0.15,5348.0,0.94,0.81,21.0
HD 191939 d,HD 191939,Transit,1,2.8,2.995,540.0,0.031,-0.15,5348.0,0.94,0.81,14.3
HD 202772 A b,HD 202772 A,Transit,1,323.23311,17.317905,2132.0,0.038,0.3,6272.0,2.591,1.72,3440.0
HD 203030 b,HD 203030,Imaging,1,3496.112477,14.4595851,1040.0,,,,,,
HD 20329 b,HD 20329,Transit,1,7.42,1.72,2141.0,0.0,-0.07,5596.0,1.13,0.9,3474.0
HD 206893 b,HD 206893,Imaging,1,8899.195396,14.01122587,1429.2,0.14,,,,1.32,
HD 206893 c,HD 206893,Imaging,1,4036.4207689,16.36511182,1181.9,0.41,,,,1.32,
HD 207496 b,HD 207496,Transit,1,6.1,2.25,743.0,0.231,0.095,4819.0,0.769,0.8,72.9
HD 207897 b,HD 207897,Transit,1,14.8,2.34302132,581.75,0.0,-0.03,5106.0,0.7827,0.8208,
HD 213885 b,HD 213885,Transit,1,8.83,1.745,2128.0,0.0,-0.04,5978.0,1.1011,1.068,
HD 21520 b,HD 21520,Transit,1,17.7,2.697,637.0,0.0,0.049,5871.0,1.044,1.09,
HD 21749 c,GJ 143,Transit,1,3.7,0.892,701.0,,0.003,4640.0,0.695,0.73,
HD 219134 b,HD 219134,Radial Velocity,1,4.74,1.602,1015.0,0.0,0.11,4699.0,0.778,0.81,176.2
HD 219134 c,HD 219134,Radial Velocity,1,4.36,1.511,782.0,0.062,0.11,4699.0,0.778,0.81,62.1
HD 219134 d,HD 219134,Radial Velocity,1,16.17,1.61,410.5,0.138,0.11,4699.0,0.778,0.81,4.72
HD 219134 f,HD 219134,Radial Velocity,1,7.3,1.31,522.6,0.148,0.11,4699.0,0.778,0.81,12.38
HD 219666 b,HD 219666,Transit,1,17.6,4.898,1076.0,0.05,,5540.0,1.059,1.02,
HD 22946 d,HD 22946,Transit,1,26.57,2.607,546.0,,-0.08,6169.0,1.117,1.098,18.561
HD 23472 b,HD 23472,Transit,1,8.32,2.0,543.0,0.072,-0.2,4684.0,0.71,0.67,16.0
HD 23472 c,HD 23472,Transit,1,3.41,1.87,467.0,0.063,-0.2,4684.0,0.71,0.67,7.96
HD 23472 d,HD 23472,Transit,1,0.55,0.75,909.0,0.07,-0.2,4684.0,0.71,0.67,117.0
HD 23472 e,HD 23472,Transit,1,0.72,0.818,723.0,0.07,-0.2,4684.0,0.71,0.67,46.7
HD 23472 f,HD 23472,Transit,1,0.77,1.137,630.0,0.07,-0.2,4684.0,0.71,0.67,26.3
HD 25463 b,HD 25463,Transit,1,8.7,2.54535814,1198.46,0.0,-0.018,6353.0,1.4182,1.251,
HD 25463 c,HD 25463,Transit,1,4.3,1.36354953,1585.57,0.0,-0.018,6353.0,1.4182,1.251,
HD 260655 b,HD 260655,Transit,1,2.14,1.24,709.0,0.039,-0.43,3803.0,0.439,0.439,42.2
HD 260655 c,HD 260655,Transit,1,3.09,1.533,557.0,0.038,-0.43,3803.0,0.439,0.439,16.1
HD 2685 b,HD 2685,Transit,1,371.8611,16.14096,2061.0,0.091,0.02,6801.0,1.56,1.43,
HD 28109 b,HD 28109,Transit,1,18.496,2.199,881.2,0.3307,0.0,6120.0,1.446,1.26,
HD 28109 c,HD 28109,Transit,1,7.943,4.23,585.2,0.1203,0.0,6120.0,1.446,1.26,
HD 28109 d,HD 28109,Transit,1,5.681,3.25,506.5,0.0864,0.0,6120.0,1.446,1.26,
HD 3167 b,HD 3167,Transit,1,4.97,1.67,1774.0,0.0,0.04,5261.0,0.88,0.837,1650.0
HD 3167 c,HD 3167,Transit,1,11.13,3.0,564.0,0.06,0.04,5261.0,0.88,0.837,16.9
HD 332231 b,HD 332231,Transit,1,74.1,9.07303305,798.3,0.0,0.043,6128.0,1.266,1.1642,
HD 35843 c,HD 35843,Transit,1,11.32,2.54,479.0,0.153,-0.27,5666.0,0.897,0.94,
HD 42813 b,HD 42813,Transit,1,9.1,3.41,716.0,,0.24,5289.0,0.98,0.901,74.7
HD 5278 b,HD 5278,Transit,1,7.8,2.45,943.0,0.08,-0.12,6203.0,1.194,1.126,132.0
HD 6061 b,HD 6061,Transit,1,10.0,2.42763557,1075.31,0.0,-0.05,5934.0,1.0072,1.0269,
HD 63433 b,HD 63433,Transit,1,37.3,2.16351593,886.44,0.0,0.079,5634.0,0.9169,0.9883,
HD 63433 c,HD 63433,Transit,1,17.2,2.58229101,622.31,0.0,0.079,5634.0,0.9169,0.9883,
HD 63935 b,HD 63935,Transit,1,10.5,2.91575244,825.22,0.0,0.107,5513.0,0.9598,0.9406,
HD 63935 c,HD 63935,Radial Velocity,1,11.1,3.06451296,619.59,0.0,0.107,5513.0,0.9598,0.9406,
HD 73344 b,HD 73344,Transit,1,10.48,2.884,911.0,0.03,0.143,6252.6,1.22,1.2,
HD 73583 b,HD 73583,Transit,1,10.2,2.79,714.0,0.09,0.0,4511.0,0.65,0.73,43.3
HD 73583 c,HD 73583,Transit,1,9.7,2.39,498.0,0.08,0.0,4511.0,0.65,0.73,10.2
HD 77946 b,HD 77946,Transit,1,10.9,2.89646124,1128.86,0.211,0.215,6007.0,1.3174,1.1973,
HD 80653 b,HD 80653,Transit,1,5.72,1.613,2463.0,0.0,0.255,5959.0,1.22,1.18,6130.0
HD 86226 c,HD 86226,Transit,1,7.25,2.16,1311.0,0.075,0.018,5863.0,1.053,1.019,
HD 88986 b,HD 88986,Radial Velocity,1,17.2,2.49,460.0,0.24,0.06,5861.0,1.543,1.25,
HD 89345 b,HD 89345,Transit,1,34.9613,7.39794,1089.0,0.22,0.421,5576.0,1.747,1.157,
HD 93963 A b,HD 93963 A,Transit,1,2.8,1.46954368,1842.23,0.0,0.11,5908.0,1.0311,1.0844,
HD 93963 A c,HD 93963 A,Transit,1,18.4,3.11976057,1212.45,0.0,0.11,5908.0,1.0311,1.0844,
HD 95338 b,HD 95338,Radial Velocity,1,42.44,3.89,385.0,0.197,0.04,5212.0,0.87,0.83,7.42
HD 97658 b,HD 97658,Radial Velocity,1,8.3,2.12,751.0,0.05,-0.23,5212.0,0.728,0.85,
HIP 116454 b,HIP 116454,Transit,1,9.7,2.469,753.2,0.215,0.0,5048.0,0.758,0.8,51.2858
HIP 29442 c,HD 42813,Radial Velocity,1,4.5,1.551,1123.0,,0.24,5289.0,0.98,0.901,451.0
HIP 29442 d,HD 42813,Radial Velocity,1,5.14,1.538,920.0,,0.24,5289.0,0.98,0.901,203.0
HIP 65 A b,HIP 65 A,Transit,1,1021.18779,22.75427,1411.0,0.0,0.18,4590.0,0.7242,0.781,661.0
HIP 65426 b,HIP 65426,Imaging,1,2860.47,16.8135,1500.0,,,8840.0,1.77,1.96,
HIP 8152 b,HIP 8152,Transit,1,8.9,2.53625843,794.96,0.0,0.007,5618.0,0.9603,0.9373,
HIP 8152 c,HIP 8152,Transit,1,10.7,2.52442508,650.68,0.2,0.007,5618.0,0.9603,0.9373,
HIP 94235 b,HIP 94235,Transit,1,379.0,3.0,1060.0,0.32,0.0,5991.0,1.08,1.094,
HIP 9618 b,HIP 9618,Transit,1,8.3,3.82838127,640.88,0.0,-0.018,5649.0,0.9593,0.942,
HIP 9618 c,HIP 9618,Transit,1,7.0,3.42855926,470.31,0.0,-0.018,5649.0,0.9593,0.942,
HIP 97166 b,HIP 97166,Transit,1,19.1,2.4801338,701.66,0.29,0.248,5216.0,0.8418,0.9342,
HR 858 b,HR 858,Transit,1,3.55,2.004,1552.0,0.0,0.025,6354.0,1.258,1.204,
HR 858 c,HR 858,Transit,1,3.8,1.979,1309.0,0.0,0.025,6354.0,1.258,1.204,
HR 858 d,HR 858,Transit,1,7.1,2.001,1061.0,0.0,0.025,6354.0,1.258,1.204,
HR 8799 e,HR 8799,Imaging,1,3178.3,13.11453,1150.0,0.15,-0.5,7400.0,,,
K2-100 b,K2-100,Transit,1,21.8,3.88,1841.0,0.0,0.22,5945.0,1.24,1.15,1915.0
K2-110 b,K2-110,Transit,1,15.9,2.592,638.0,0.13,-0.34,5010.0,0.713,0.738,27.7
K2-111 b,K2-111,Transit,1,5.58,1.82,1309.0,0.1,-0.46,5775.0,1.25,0.84,490.0
K2-114 b,K2-114,Transit,1,638.83509807,10.59248676,701.4,0.079,0.42,4899.0,0.832,0.863,
K2-115 b,K2-115,Transit,1,321.00669107,11.80305668,696.0,0.063,-0.198,5870.0,0.855,0.918,
K2-12 b,K2-12,Transit,1,5.2,2.44,1026.0,0.5,0.0,5672.0,1.117,0.965,185.0
K2-131 b,K2-131,Transit,1,7.9,1.69,2223.0,0.0,-0.04,5120.0,0.7595,0.803,4070.0
K2-136 b,K2-136,Transit,1,4.3,1.014,610.0,0.14,-0.02,4500.0,0.677,0.742,33.5
K2-136 c,K2-136,Transit,1,18.1,3.0,470.0,0.047,-0.02,4500.0,0.677,0.742,11.91
K2-136 d,K2-136,Transit,1,3.0,1.565,420.0,0.071,-0.02,4500.0,0.677,0.742,7.07
K2-140 b,K2-140,Transit,1,295.58041851,13.56286665,962.0,0.0,0.1,5585.0,1.06,0.96,204.0
K2-141 b,K2-141,Transit,1,4.97,1.51,2103.0,0.0,0.0,4570.0,0.681,0.708,3260.0
K2-141 c,K2-141,Transit,1,8.0,7.0,695.0,0.092,0.0,4570.0,0.681,0.708,39.1
K2-157 b,K2-157,Transit,1,1.14,0.935,2432.0,,0.02,5334.0,0.86,0.89,6660.0
K2-18 b,K2-18,Transit,1,8.92,2.37,284.0,0.2,0.12,3457.0,0.411,0.359,
K2-180 b,K2-180,Transit,1,11.41003981,2.46597575,797.5,0.075,-0.578,5365.0,0.719,0.735,
K2-182 b,K2-182,Transit,1,20.97667486,2.71257333,965.8,0.071,0.022,5128.0,0.789,0.823,
K2-199 b,K2-199,Transit,1,6.9,1.73,913.0,0.02,-0.01,4491.0,0.682,0.711,116.2
K2-199 c,K2-199,Transit,1,12.4,2.85,694.0,0.03,-0.01,4491.0,0.682,0.711,38.6
K2-216 b,K2-216,Transit,1,8.0,1.75,1103.0,0.0,0.0,4503.0,0.72,0.7,248.0
K2-222 b,K2-222,Transit,1,8.7,2.35,871.0,0.16,-0.315,5942.0,1.115,0.989,96.0
K2-232 b,K2-232,Transit,1,126.49634,11.209,1030.0,0.258,0.1,6154.0,1.161,1.188,
K2-233 b,K2-233,Transit,1,2.4,1.315,1127.0,0.0,-0.082,4796.0,0.71,0.79,269.0
K2-233 c,K2-233,Transit,1,4.6,1.272,794.0,0.0,-0.082,4796.0,0.71,0.79,66.2
K2-233 d,K2-233,Transit,1,10.3,2.363,525.0,0.18,-0.082,4796.0,0.71,0.79,12.7
K2-237 b,K2-237,Transit,1,434.15360396,16.06246934,1759.0,0.03,0.337,6180.0,1.236,1.256,
K2-238 b,K2-238,Transit,1,273.3338,14.5717,1587.0,0.0,0.34,5630.0,1.59,1.19,
K2-25 b,K2-25,Transit,1,24.5,3.44,494.0,0.428,0.15,3207.0,0.2932,0.2634,9.91
K2-260 b,K2-260,Transit,1,546.66486004,18.41635529,2090.0,0.053,0.334,6860.0,1.755,1.637,
K2-261 b,K2-261,Transit,1,68.96876432,9.26982704,1036.0,0.274,0.372,5490.0,1.663,1.107,
K2-263 b,K2-263,Transit,1,14.9,2.41,470.0,0.15,-0.08,5368.0,0.85,0.88,8.17
K2-265 b,K2-265,Transit,1,7.3418362,1.70824866,1366.0,0.16,0.033,5420.0,0.92,0.901,
K2-266 b,K2-266,Transit,1,11.26782377,3.3,1515.0,,-0.12,4285.0,0.703,0.686,879.5
K2-266 c,K2-266,Transit,1,0.29013072,0.705,664.5,0.042,-0.12,4285.0,0.703,0.686,32.4
K2-266 d,K2-266,Transit,1,8.9,2.93,538.3,0.047,-0.12,4285.0,0.703,0.686,13.95
K2-266 e,K2-266,Transit,1,14.3,2.73,490.1,0.043,-0.12,4285.0,0.703,0.686,9.581
K2-27 b,K2-27,Transit,1,30.9,4.48,902.0,0.251,0.13,5248.0,0.885,0.866,116.0
K2-280 b,K2-280,Transit,1,37.1,7.5,787.0,0.35,0.33,5500.0,1.28,1.03,
K2-285 b,K2-285,Transit,1,9.68,2.59,1088.9,0.0,0.0,4975.0,0.787,0.83,234.31
K2-285 c,K2-285,Transit,1,15.68,3.53,741.4,0.0,0.0,4975.0,0.787,0.83,50.35
K2-285 d,K2-285,Transit,1,6.5,2.48,619.9,0.0,0.0,4975.0,0.787,0.83,24.61
K2-285 e,K2-285,Transit,1,10.7,1.95,500.9,0.0,0.0,4975.0,0.787,0.83,10.5
K2-287 b,K2-287,Transit,1,100.11645,9.494023,804.0,0.478,0.2,5695.0,1.07,1.056,
K2-29 b,K2-29,Transit,1,232.0159,13.33871,1171.0,0.066,0.16,5358.0,0.86,0.94,
K2-290 b,K2-290,Transit,1,10.9,3.06,1230.0,0.0,-0.06,6302.0,1.511,1.194,
K2-290 c,K2-290,Transit,1,246.00042,11.276254,676.0,0.0,-0.06,6302.0,1.511,1.194,
K2-292 b,K2-292,Transit,1,24.5,2.63,795.0,0.04,0.07,5725.0,1.09,1.0,67.0
K2-295 b,K2-295,Transit,1,106.47305,10.054473,852.0,0.0,0.14,4444.0,0.7,0.74,
K2-3 b,K2-3,Transit,1,5.11,2.078,501.3,0.107,-0.157,3844.0,0.546,0.549,10.5
K2-3 c,K2-3,Transit,1,2.68,1.582,371.8,0.048,-0.157,3844.0,0.546,0.549,3.17
K2-3 d,K2-3,Transit,1,2.2,1.458,305.2,0.091,-0.157,3844.0,0.546,0.549,1.44
K2-30 b,K2-30,Transit,1,184.02357,11.646151,1092.0,0.0,-0.15,5425.0,0.844,0.9,
K2-32 b,K2-32,Transit,1,15.0,5.299,837.0,0.03,-0.06,5271.0,0.86,0.83,
K2-32 c,K2-32,Transit,1,8.1,3.134,634.0,0.049,-0.06,5271.0,0.86,0.83,
K2-32 d,K2-32,Transit,1,6.7,3.484,550.0,0.05,-0.06,5271.0,0.86,0.83,
K2-32 e,K2-32,Transit,1,2.1,1.212,1066.0,0.043,-0.06,5271.0,0.86,0.83,
K2-329 b,K2-329,Transit,1,82.6358,8.675766,650.0,0.0697,0.098,5282.0,0.822,0.901,45.7
K2-36 b,K2-36,Transit,1,4.3,1.43,1328.0,0.093,,4916.0,0.718,0.79,519.0
K2-36 c,K2-36,Transit,1,7.9,3.2,854.0,0.089,,4916.0,0.718,0.79,89.0
K2-38 b,K2-38,Transit,1,7.7,1.655,1310.0,0.11,0.235,5705.0,1.141,1.054,490.0
K2-38 c,K2-38,Transit,1,7.4,2.49,949.0,0.086,0.235,5705.0,1.141,1.054,135.3
K2-415 b,K2-415,Transit,1,7.5,1.015,412.4,,-0.13,3173.0,0.1965,0.1635,4.82
K2-416 b,K2-416,Transit,1,1652.7077164,2.66,447.0,,,3746.0,0.554,0.548,
K2-417 b,K2-417,Transit,1,699.2224954,3.31,558.0,,,3861.0,0.5776,0.569,
K2-419 A b,K2-419 A,Transit,1,196.0,10.55,377.0,0.042,-0.11,3711.0,0.541,0.562,3.3
K2-60 b,K2-60,Transit,1,135.39558,7.655747,1400.0,0.0,0.01,5500.0,1.12,0.97,
K2-66 b,K2-66,Transit,1,21.3,2.49,1372.0,0.0,-0.047,5887.0,1.67,1.11,840.0
K2-79 b,K2-79,Transit,1,9.2,4.09,1022.0,0.23,0.035,5897.0,1.265,1.066,181.0
K2-97 b,K2-97,Transit,1,174.48779544,13.45077684,1566.0,0.207,0.328,4673.0,4.14,1.17,
K2-98 b,K2-98,Transit,1,34.00763955,5.06645928,1185.0,0.119,-0.044,6260.0,1.518,1.246,
K2-99 b,K2-99,Transit,1,276.51071409,11.88151954,1184.0,0.22,0.2,6069.0,2.55,1.44,
KELT-10 b,KELT-10,Transit,1,215.80657,15.681391,1377.0,,0.09,5948.0,1.209,1.112,600.0
KELT-11 b,KELT-11,Transit,1,65.15482343,15.13212395,1712.0,0.0,0.17,5375.0,2.69,1.44,
KELT-12 b,KELT-12,Transit,1,301.9385,19.95202,1800.0,0.0,0.19,6279.0,2.37,1.591,1749.0
KELT-14 b,KELT-14,Transit,1,408.09372,19.537287,1970.0,0.0,0.32,5720.0,1.52,1.239,
KELT-16 b,KELT-16,Transit,1,874.0325,15.860735,2453.0,0.0,-0.002,6236.0,1.36,1.211,
KELT-17 b,KELT-17,Transit,1,416.3573,17.093725,2087.0,,-0.018,7454.0,1.645,1.635,
KELT-18 b,KELT-18,Transit,1,375.0394,17.59813,2085.0,0.0,0.09,6670.0,1.908,1.524,3152.0
KELT-19 A b,KELT-19 A,Transit,1,1293.5681,21.40919,1935.0,,-0.12,7500.0,1.83,1.62,2340.0
KELT-20 b,KELT-20,Transit,1,1074.90106,19.514869,2262.0,,-0.29,8720.0,1.565,1.76,4362.5
KELT-21 b,KELT-21,Transit,1,1242.7153,17.777474,2051.0,0.0,-0.405,7598.0,1.638,1.458,2950.0
KELT-23 A b,KELT-23 A,Transit,1,298.12454,14.829507,1561.0,0.0,-0.105,5899.0,0.996,0.944,991.183
KELT-24 b,KELT-24,Transit,1,1458.83238813,12.71098411,1391.0,0.0319,0.138,6426.0,1.338,1.268,624.0
KELT-4 A b,KELT-4 A,Transit,1,286.68266,19.044091,1823.0,0.0,-0.116,6206.0,1.603,1.201,1840.0
KELT-9 b,KELT-9,Transit,1,915.3504,21.196219,4050.0,0.0,-0.03,10170.0,2.362,2.52,44900.0
KOI-1257 b,KOI-1257,Transit,1,460.83,10.54,511.0,0.772,0.27,5520.0,1.13,0.99,
KOI-13 b,KOI-13,Transit,1,2949.4624,16.948008,2550.0,0.00064,0.2,7650.0,1.74,1.72,
KOI-134 b,KOI-134,Transit,1,346.43296363,12.03844527,659.0,0.16,0.427,6160.0,1.667,1.407,45.0
KOI-1831 d,Kepler-324,Transit,1,2.23,1.13,475.0,,,5233.0,0.835,0.901,
KOI-1833 d,Kepler-968,Transit,1,11.02,2.58,613.0,,,4413.0,0.667,0.681,
KOI-3503 b,KOI-3503,Transit,1,9.2,1.19,785.0,,,6001.0,1.255,0.858,
KOI-3503 c,KOI-3503,Transit,1,10.36,1.21,686.0,,,6001.0,1.255,0.858,
KOI-3680 b,KOI-3680,Transit,1,613.4119,11.09691,347.0,0.496,0.16,5830.0,0.96,1.01,
KOI-4777.01,KOI-4777,Transit,1,99.2,0.51,1180.0,0.0,0.1,3515.0,0.4,0.41,320.0
KOI-94 b,KOI-94,Transit,1,10.5,1.71,1486.0,0.25,0.0228,6182.0,1.52,1.277,
KOI-94 c,KOI-94,Transit,1,15.6,4.32,1012.0,0.43,0.0228,6182.0,1.52,1.277,
KOI-94 d,KOI-94,Transit,1,106.0,11.27,806.0,0.022,0.0228,6182.0,1.52,1.277,
KOI-94 e,KOI-94,Transit,1,35.0,6.56,584.0,0.019,0.0228,6182.0,1.52,1.277,
KPS-1 b,KPS-1,Transit,1,346.4347,11.54527,1459.0,0.0,0.22,5165.0,0.907,0.892,729.0
Kepler-10 b,Kepler-10,Transit,1,3.24,1.47,2188.0,0.0,-0.15,5708.0,1.065,0.91,
Kepler-10 c,Kepler-10,Transit,1,11.29,2.355,579.0,0.136,-0.15,5708.0,1.065,0.91,
Kepler-101 b,Kepler-101,Transit,1,51.1,5.77,1513.0,0.086,0.33,5667.0,1.56,1.17,
Kepler-101 c,Kepler-101,Transit,1,3.78,1.25,1413.0,0.0,0.33,5667.0,1.56,1.17,
Kepler-102 b,Kepler-102,Transit,1,1.1,0.46,857.0,0.1,0.11,4909.0,0.724,0.803,90.0
Kepler-102 c,Kepler-102,Transit,1,1.7,0.567,777.0,0.094,0.11,4909.0,0.724,0.803,61.0
Kepler-102 d,Kepler-102,Transit,1,3.0,1.154,686.0,0.092,0.11,4909.0,0.724,0.803,36.9
Kepler-102 e,Kepler-102,Transit,1,4.7,2.17,590.0,0.089,0.11,4909.0,0.724,0.803,20.3
Kepler-102 f,Kepler-102,Transit,1,4.3,0.861,495.0,0.1,0.11,4909.0,0.724,0.803,10.0
Kepler-103 b,Kepler-103,Transit,1,9.8,3.486,973.0,0.093,0.16,6009.0,1.492,1.212,149.9
Kepler-103 c,Kepler-103,Transit,1,38.0,5.45,434.0,0.095,0.16,6009.0,1.492,1.212,5.95
Kepler-107 b,Kepler-107,Transit,1,3.8,1.536,1592.0,0.1,0.321,5854.0,1.447,1.238,1073.0
Kepler-107 c,Kepler-107,Transit,1,10.0,1.597,1378.0,0.08,0.321,5854.0,1.447,1.238,602.0
Kepler-107 d,Kepler-107,Transit,1,7.7,0.86,1173.0,0.11,0.321,5854.0,1.447,1.238,315.0
Kepler-107 e,Kepler-107,Transit,1,14.1,2.903,955.0,0.1,0.321,5854.0,1.447,1.238,138.7
Kepler-109 b,Kepler-109,Transit,1,4.9,2.49,1276.0,0.11,-0.02,5950.0,1.387,1.094,442.0
Kepler-109 c,Kepler-109,Transit,1,8.2,2.65,859.0,0.098,-0.02,5950.0,1.387,1.094,91.0
Kepler-111 c,Kepler-111,Transit,1,222.4798849,7.0840758,352.2,0.176,0.237,5914.0,1.145,1.118,2.48
Kepler-117 b,Kepler-117,Transit,1,29.875,8.059,984.0,0.0493,-0.04,6150.0,1.606,1.129,
Kepler-117 c,Kepler-117,Transit,1,584.78,12.341,704.0,0.0323,-0.04,6150.0,1.606,1.129,
Kepler-12 b,Kepler-12,Transit,1,137.30256,19.660586,1480.0,,0.07,5947.0,1.483,1.166,
Kepler-138 b,Kepler-138,Transit,1,0.07,0.64,452.0,0.02,-0.18,3841.0,0.535,0.535,9.9
Kepler-138 c,Kepler-138,Transit,1,2.3,1.51,410.0,0.017,-0.18,3841.0,0.535,0.535,6.8
Kepler-138 d,Kepler-138,Transit,1,2.1,1.51,345.0,0.01,-0.18,3841.0,0.535,0.535,3.4
Kepler-1514 b,Kepler-1514,Transit,1,1678.1424,12.419572,387.9,0.401,0.119,6145.0,1.289,1.196,3.23
Kepler-1654 b,Kepler-1654,Transit,1,158.915,9.180171,206.0,0.26,-0.088,5597.0,1.179,1.011,0.3
Kepler-1655 b,Kepler-1655,Transit,1,5.4,2.213,938.0,0.19,-0.24,6148.0,1.03,1.03,129.1
Kepler-1661 b,Kepler-1661,Transit,1,17.0,3.87,243.0,0.057,-0.12,5100.0,0.762,0.841,0.88
Kepler-167 e,Kepler-167,Transit,1,321.00669107,10.16,134.4,0.29,0.02,4884.0,0.749,0.777,
Kepler-17 b,Kepler-17,Transit,1,778.65,14.68,1570.0,0.011,0.26,5781.0,1.01034,1.04,
Kepler-1704 b,Kepler-1704,Transit,1,1322.16617312,11.94877343,253.8,0.92,0.196,5746.0,1.697,1.132,0.342
Kepler-1876 b,Kepler-1876,Transit,1,2.4,0.853,1299.0,0.098,0.01,6104.0,1.477,1.187,475.0
Kepler-19 b,Kepler-19,Transit,1,6.1,2.209,851.0,0.41,-0.13,5541.0,0.859,0.936,87.6
Kepler-20 b,Kepler-20,Transit,1,9.7,1.773,1187.0,0.083,0.07,5495.0,0.9164,0.929,331.0
Kepler-20 c,Kepler-20,Transit,1,11.1,2.894,828.0,0.076,0.07,5495.0,0.9164,0.929,78.7
Kepler-20 d,Kepler-20,Transit,1,13.4,2.606,430.0,0.082,0.07,5495.0,0.9164,0.929,5.71
Kepler-20 e,Kepler-20,Transit,1,0.76,0.821,1004.0,0.092,0.07,5495.0,0.9164,0.929,169.8
Kepler-20 f,Kepler-20,Transit,1,1.4,0.952,681.0,0.094,0.07,5495.0,0.9164,0.929,35.9
Kepler-21 b,Kepler-21,Transit,1,7.5,1.639,2015.0,0.0,-0.03,6305.0,1.902,1.408,2749.0
Kepler-22 b,Kepler-22,Transit,1,9.1,2.1,279.0,0.72,-0.255,5596.0,0.869,0.857,1.013
Kepler-323 b,Kepler-323,Transit,1,3.9,1.381,1838.0,0.095,-0.14,6004.0,1.12,1.015,1900.0
Kepler-323 c,Kepler-323,Transit,1,6.8,1.57,1431.0,0.095,-0.14,6004.0,1.12,1.015,700.0
Kepler-37 b,Kepler-37,Transit,1,0.79,0.3098,718.0,0.098,-0.36,5357.0,0.789,0.79,44.5
Kepler-37 c,Kepler-37,Transit,1,1.3,0.755,615.0,0.099,-0.36,5357.0,0.789,0.79,23.9
Kepler-37 d,Kepler-37,Transit,1,2.0,2.03,499.0,0.1,-0.36,5357.0,0.789,0.79,10.39
Kepler-38 b,Kepler-38,Transit,1,122.0,4.3,475.0,0.032,-0.11,5623.0,1.752,0.941,
Kepler-39 b,Kepler-39,Transit,1,6388.1,13.9,897.0,0.112,0.1,6350.0,1.4,1.29,
Kepler-4 b,Kepler-4,Transit,1,24.472,4.002,1650.0,0.0,0.17,5857.0,1.487,1.223,
Kepler-40 b,Kepler-40,Transit,1,699.2,13.11,1620.0,0.0,0.1,6510.0,2.13,1.48,
Kepler-409 b,Kepler-409,Transit,1,6.0,1.199,438.0,0.69,0.05,5421.0,0.897,0.913,6.15
Kepler-41 b,Kepler-41,Transit,1,177.98,14.46,1790.0,0.0,0.38,5750.0,1.29,1.15,
Kepler-411 b,Kepler-411,Transit,1,25.6,2.401,1138.0,0.146,,,0.82,0.87,
Kepler-411 c,Kepler-411,Transit,1,26.4,4.421,838.0,0.108,,,0.82,0.87,
Kepler-411 d,Kepler-411,Transit,1,15.2,3.319,410.0,0.128,,,0.82,0.87,
Kepler-412 b,Kepler-412,Transit,1,299.07803,15.031269,1850.0,,0.27,5750.0,1.287,1.167,
Kepler-423 b,Kepler-423,Transit,1,189.101,13.361,1605.0,0.019,-0.1,5560.0,0.95,0.85,
Kepler-425 b,Kepler-425,Transit,1,79.45,10.962,1070.0,0.33,0.24,5170.0,0.86,0.93,
Kepler-426 b,Kepler-426,Transit,1,108.06,12.22,1300.0,0.18,-0.21,5725.0,0.92,0.91,
Kepler-427 b,Kepler-427,Transit,1,92.17,13.79,1100.0,0.57,-0.19,5800.0,1.35,0.96,
Kepler-428 b,Kepler-428,Transit,1,403.63,12.11,1070.0,0.22,0.09,5150.0,0.8,0.87,
Kepler-43 b,Kepler-43,Transit,1,1026.5909,13.663771,1620.0,,0.33,6041.0,1.42,1.32,
Kepler-433 b,Kepler-433,Transit,1,896.24,16.25,1776.0,0.119,-0.01,6360.0,2.26,1.46,
Kepler-434 b,Kepler-434,Transit,1,908.96,12.67,1000.0,0.131,0.25,5977.0,1.38,1.198,
Kepler-435 b,Kepler-435,Transit,1,266.97,22.31,1729.0,0.114,-0.18,6161.0,3.21,1.538,
Kepler-44 b,Kepler-44,Transit,1,317.82,12.22,1544.0,0.066,0.15,5800.0,1.35,1.12,
Kepler-45 b,Kepler-45,Transit,1,160.497,10.76,1000.0,0.11,0.28,3820.0,0.55,0.59,
Kepler-454 b,Kepler-454,Transit,1,5.4,2.37,916.0,0.32,0.32,5687.0,1.066,1.03,117.7
Kepler-46 b,Kepler-46,Transit,1,1907.0,9.057,543.0,0.01,0.41,5155.0,0.938,0.902,
Kepler-5 b,Kepler-5,Transit,1,670.93913,15.984034,1750.0,,0.04,6297.0,1.793,1.374,
Kepler-51 b,Kepler-51,Transit,1,2.1,7.1,543.0,0.04,,6018.0,0.94,1.04,
Kepler-51 c,Kepler-51,Transit,1,4.0,9.0,439.0,0.014,,6018.0,0.94,1.04,
Kepler-51 d,Kepler-51,Transit,1,7.6,9.7,381.0,0.008,,6018.0,0.94,1.04,
Kepler-538 b,Kepler-538,Transit,1,12.9,2.215,417.0,0.21,-0.09,5534.0,0.8717,0.892,5.07
Kepler-539 b,Kepler-539,Transit,1,308.2951,8.373123,387.6,0.39,-0.01,5820.0,0.952,1.048,
Kepler-553 b,Kepler-553,Transit,1,116.00736855,4.74139884,1089.0,,0.152,5191.0,0.902,0.889,235.0
Kepler-553 c,Kepler-553,Transit,1,2129.4503269,11.57887706,251.0,0.346,0.152,5191.0,0.902,0.889,0.589
Kepler-6 b,Kepler-6,Transit,1,212.31044,14.616536,1460.0,,0.34,5647.0,1.391,1.209,
Kepler-62 b,Kepler-62,Transit,1,9.0,1.31,750.0,,-0.37,4925.0,0.64,0.69,
Kepler-62 c,Kepler-62,Transit,1,4.0,0.54,578.0,,-0.37,4925.0,0.64,0.69,
Kepler-62 d,Kepler-62,Transit,1,14.0,1.95,510.0,,-0.37,4925.0,0.64,0.69,
Kepler-62 e,Kepler-62,Transit,1,36.0,1.61,270.0,,-0.37,4925.0,0.64,0.69,
Kepler-62 f,Kepler-62,Transit,1,35.0,1.41,208.0,,-0.37,4925.0,0.64,0.69,
Kepler-68 b,Kepler-68,Transit,1,8.03,2.357,1275.0,0.09,0.11,5847.0,1.2564,1.057,441.0
Kepler-68 c,Kepler-68,Transit,1,1.3,0.979,1052.0,0.099,0.11,5847.0,1.2564,1.057,204.0
Kepler-7 b,Kepler-7,Transit,1,140.16303,18.180998,1630.0,,0.11,5933.0,1.966,1.359,
Kepler-74 b,Kepler-74,Transit,1,200.22,10.76,1078.0,0.0,0.42,6000.0,1.12,1.18,
Kepler-75 b,Kepler-75,Transit,1,3209.9,11.77,767.0,0.57,0.3,5200.0,0.89,0.91,
Kepler-76 b,Kepler-76,Orbital Brightness Modulation,1,638.8383,15.24424,2140.0,,-0.1,6409.0,1.32,1.2,
Kepler-77 b,Kepler-77,Transit,1,136.661,10.761,1440.0,0.0,0.2,5520.0,0.99,0.95,
Kepler-78 b,Kepler-78,Transit,1,1.68,1.201,2223.0,0.0,-0.18,5058.0,0.7475,0.779,4070.0
Kepler-8 b,Kepler-8,Transit,1,187.5197,15.871944,1680.0,,-0.055,6213.0,1.486,1.213,
Kepler-849 b,Kepler-849,Transit,1,298.75870258,8.08167508,362.7,0.078,0.145,5950.0,1.822,1.259,2.86
Kepler-87 b,Kepler-87,Transit,1,324.2,13.49,478.0,0.036,-0.17,5600.0,1.82,1.1,
Kepler-87 c,Kepler-87,Transit,1,6.4,6.14,403.0,0.039,-0.17,5600.0,1.82,1.1,
Kepler-91 b,Kepler-91,Transit,1,257.4423,15.322703,2040.0,,0.11,4550.0,6.3,1.31,
Kepler-93 b,Kepler-93,Transit,1,4.66,1.478,1133.0,0.0,-0.18,5669.0,0.919,0.911,275.0
L 168-9 b,L 168-9,Transit,1,4.07,1.63,998.0,0.0,-0.03,3842.0,0.604,0.614,
L 98-59 b,L 98-59,Transit,1,0.46,0.837,620.0,0.031,-0.46,3415.0,0.3155,0.2923,24.5
L 98-59 c,L 98-59,Transit,1,2.0,1.329,526.0,0.002,-0.46,3415.0,0.3155,0.2923,12.7
L 98-59 d,L 98-59,Transit,1,1.64,1.627,416.0,0.006,-0.46,3415.0,0.3155,0.2923,4.97
LHS 1140 b,LHS 1140,Transit,1,5.6,1.73,226.0,0.043,-0.15,3096.0,0.2159,0.1844,0.43
LHS 1140 c,LHS 1140,Transit,1,1.91,1.272,422.0,0.05,-0.15,3096.0,0.2159,0.1844,5.3
LHS 1478 b,LHS 1478,Transit,1,2.33,1.242,595.0,,-0.13,3381.0,0.246,0.236,
LP 714-47 b,LP 714-47,Transit,1,30.8,4.7,700.0,0.04,0.41,3950.0,0.584,0.59,
LP 791-18 c,LP 791-18,Transit,1,7.1,2.438,324.4,8e-05,-0.09,2960.0,0.182,0.139,2.637
LP 791-18 d,LP 791-18,Transit,1,0.9,1.032,395.5,0.0015,-0.09,2960.0,0.182,0.139,5.83
LP 890-9 b,LP 890-9,Transit,1,13.2,1.32,396.0,,-0.028,2850.0,0.1556,0.118,4.09
LP 890-9 c,LP 890-9,Transit,1,25.3,1.367,272.0,,-0.028,2850.0,0.1556,0.118,0.906
LTT 1445 A c,LTT 1445 A,Transit,1,1.54,1.147,508.0,0.223,-0.34,3340.0,0.265,0.257,10.9
LTT 3780 b,LTT 3780,Transit,1,2.46,1.325,903.0,0.0,0.06,3358.0,0.38,0.381,111.0
LTT 3780 c,LTT 3780,Transit,1,8.04,2.39,359.0,0.024,0.06,3358.0,0.38,0.381,2.76
LTT 9779 b,LTT 9779,Transit,1,29.32,4.72,1978.0,0.0,0.27,5443.0,0.949,1.02,
MASCARA-4 b,MASCARA-4,Transit,1,532.36258173,16.98160576,2250.0,,,7800.0,1.79,1.75,
NGTS-1 b,NGTS-1,Transit,1,258.07796,14.90797,790.0,0.016,0.0,3916.0,0.573,0.617,65.3
NGTS-10 b,NGTS-10,Transit,1,687.14846,13.506845,1332.0,0.0,-0.02,4600.0,0.697,0.696,
NGTS-11 b,NGTS-11,Transit,1,109.33352,9.157753,435.0,0.13,0.22,5050.0,0.832,0.862,
NGTS-12 b,NGTS-12,Transit,1,66.10864,11.747032,1257.0,0.0,-0.03,5690.0,1.589,1.021,416.0
NGTS-13 b,NGTS-13,Transit,1,1538.2972,12.800678,1605.0,0.086,0.25,5819.0,1.788,1.3,1096.0
NGTS-14 A b,NGTS-14 A,Transit,1,29.24036,4.976796,1143.0,0.0,0.1,5187.0,0.842,0.898,
NGTS-15 b,NGTS-15,Transit,1,238.68913366,12.32987877,1146.0,0.0,0.15,5600.0,0.954,0.995,425.0
NGTS-16 b,NGTS-16,Transit,1,211.99154747,14.57167491,1177.0,0.0,0.35,5550.0,1.213,1.002,480.0
NGTS-17 b,NGTS-17,Transit,1,242.82090295,13.89913607,1457.0,0.0,0.15,5650.0,1.337,1.025,1160.0
NGTS-18 b,NGTS-18,Transit,1,129.99181846,13.56286665,1381.0,0.0,0.15,5610.0,1.392,1.003,845.0
NGTS-2 b,NGTS-2,Transit,1,235.1942,17.878355,1468.0,0.0,-0.06,6478.0,1.702,1.64,
NGTS-20 b,NGTS-20,Transit,1,947.12865286,11.99360935,688.0,0.432,0.15,5980.0,1.78,1.47,
NGTS-21 b,NGTS-21,Transit,1,750.07504052,14.90794433,1357.0,0.0,-0.26,4660.0,0.86,0.72,
NGTS-23 b,NGTS-23,Transit,1,194.82881349,14.20177855,1327.0,0.0,-0.26,6057.0,1.24,1.01,
NGTS-24 b,NGTS-24,Transit,1,165.27077164,13.60770257,1499.0,0.0,0.27,5820.0,1.64,1.26,
NGTS-25 b,NGTS-25,Transit,1,203.09235207,11.46678726,1101.0,0.0,0.12,5321.0,0.86,0.91,
NGTS-26 b,NGTS-26,Transit,1,92.80589484,14.88552637,1331.0,0.0,0.2,5550.0,1.16,0.96,523.0
NGTS-27 b,NGTS-27,Transit,1,188.47224535,15.64773706,1783.0,0.0,0.0,5700.0,1.77,1.07,1680.0
NGTS-30 b,NGTS-30,Transit,1,305.11527072,10.40193409,500.0,0.294,-0.03,5455.0,0.913,0.94,
NGTS-33 b,NGTS-33,Transit,1,1153.71711741,18.38272835,1991.0,0.0,-0.11,7437.0,1.47,1.6,2620.0
NGTS-4 b,NGTS-4,Transit,1,20.6,3.18,1650.0,0.0,-0.28,5143.0,0.84,0.75,
NGTS-5 b,NGTS-5,Transit,1,72.78307,12.733424,952.0,0.0,0.12,4987.0,0.739,0.661,
NGTS-6 b,NGTS-6,Transit,1,425.57437,14.863134,1283.9,0.0,0.11,4730.0,0.754,0.767,
NGTS-8 b,NGTS-8,Transit,1,295.5819,12.21781,1345.0,0.01,0.24,5241.0,0.98,0.89,503.0
NGTS-9 b,NGTS-9,Transit,1,921.707,11.99363,1448.0,0.06,0.31,6330.0,1.38,1.34,729.0
OGLE-TR-132 b,OGLE-TR-132,Transit,1,375.02,13.45,2013.0,,0.37,6210.0,1.32,1.305,
OGLE-TR-56 b,OGLE-TR-56,Transit,1,441.77,15.278,2212.0,,,6050.0,1.363,1.228,
PDS 70 b,PDS 70,Imaging,1,953.49,30.48848,1204.0,0.19,,3972.0,,,
PDS 70 c,PDS 70,Imaging,1,635.66,22.86636,995.0,0.11,,3972.0,,,
PH1 b,PH1,Transit,1,169.0,6.18,481.0,0.0702,0.21,6407.0,1.734,1.528,
PH2 b,PH2,Transit,1,87.08498352,9.33708092,295.1,0.215,0.017,5734.0,0.949,0.966,1.2
Qatar-1 b,Qatar-1,Transit,1,411.27202,12.811887,1418.0,0.0,0.171,5013.0,0.803,0.838,
Qatar-10 b,Qatar-10,Transit,1,233.92288,17.295487,1955.0,0.0,0.016,6124.0,1.254,1.156,
Qatar-2 b,Qatar-2,Transit,1,792.635,14.056,1344.0,0.0,0.02,4645.0,0.776,0.743,
Qatar-3 b,Qatar-3,Transit,1,1369.8473,12.285064,1681.0,0.0,-0.041,6007.0,1.272,1.145,1330.0
Qatar-4 b,Qatar-4,Transit,1,1938.763,12.722215,1385.0,0.0,0.103,5215.0,0.849,0.896,614.0
Qatar-5 b,Qatar-5,Transit,1,1373.0256,12.408363,1415.0,0.0,0.377,5747.0,1.076,1.128,669.0
Qatar-6 b,Qatar-6,Transit,1,212.31044,11.903958,1006.0,0.0,-0.025,5052.0,0.722,0.822,
Qatar-7 b,Qatar-7,Transit,1,597.5204,19.0553,2053.0,0.0,0.276,6387.0,1.564,1.409,
Qatar-8 b,Qatar-8,Transit,1,117.91493,14.403565,1457.0,0.0,0.025,5738.0,1.315,1.029,
Qatar-9 b,Qatar-9,Transit,1,378.2177,11.309881,1134.0,0.0,0.252,4309.0,0.696,0.719,
Ross 176 b,Ross 176,Transit,1,4.57,1.84,682.0,0.25,-0.19,4041.0,0.569,0.577,36.2
TIC 139270665 b,TIC 139270665,Transit,1,147.15455244,7.22979255,703.0,0.105,0.156,5844.0,1.016,1.035,40.3
TIC 237913194 b,TIC 237913194,Transit,1,617.22586,12.520453,974.0,0.575,0.14,5788.0,1.088,1.026,
TIC 257060897 b,TIC 257060897,Transit,1,212.94503269,16.70138124,1762.0,0.03,,,1.82,1.32,
TIC 393818343 b,TIC 393818343,Transit,1,1379.37528638,12.18416202,805.5,0.6058,0.318,5756.0,1.086,1.082,2.28
TIC 46432937 b,TIC 46432937,Transit,1,1017.0509024,13.31626907,872.0,0.009,0.323,3572.0,0.5299,0.563,
TIC 4672985 b,TIC 4672985,Transit,1,4049.13390518,11.5004142,517.2,0.018,0.14,5757.0,1.15,1.01,
TOI-1052 b,TOI-1052,Transit,1,16.9,2.87,1135.0,0.18,0.14,6146.0,1.264,1.204,246.0
TOI-1062 b,TOI-1062,Transit,1,10.15,2.265,1077.0,0.177,0.14,5328.0,0.84,0.94,232.0
TOI-1064 b,TOI-1064,Transit,1,13.5,2.587,784.0,0.047,0.05,4734.0,0.726,0.748,62.9
TOI-1064 c,TOI-1064,Transit,1,2.5,2.651,634.0,0.088,0.05,4734.0,0.726,0.748,26.8
TOI-1075 b,TOI-1075,Transit,1,9.95,1.791,1323.0,0.0,-0.08,3875.0,0.581,0.604,509.2
TOI-1107 b,TOI-1107,Transit,1,1064.72516345,14.57167491,1728.0,0.025,-0.1,6311.0,1.81,1.35,532.0
TOI-1117 b,TOI-1117,Transit,1,8.9,2.46,1538.0,0.0,0.136,5635.0,1.05,0.97,928.0
TOI-1130 b,TOI-1130,Transit,1,19.8,3.66,825.0,0.052162,0.11,4360.0,0.697,0.745,
TOI-1130 c,TOI-1130,Transit,1,336.0,13.0,650.0,0.0398,0.11,4360.0,0.697,0.745,
TOI-1173 b,TOI-1173,Transit,1,27.4,9.19,868.0,0.023,0.139,5350.0,0.934,0.911,132.0
TOI-1194 b,TOI-1194,Transit,1,120.0,8.71664516,1264.29,0.0,0.348,5394.0,0.9608,0.9835,
TOI-1199 b,TOI-1199,Transit,1,75.96098927,10.5140239,1486.0,0.03,0.44,5710.0,1.45,1.23,
TOI-1201 b,TOI-1201,Transit,1,6.28,2.415,703.0,0.0,0.05,3476.0,0.508,0.512,40.6
TOI-1221 b,TOI-1221,Transit,1,1112.3994245,2.91,440.0,0.21,0.06,5592.0,1.031,0.93,6.06
TOI-1231 b,TOI-1231,Transit,1,15.4,3.65,329.6,0.087,0.041,3553.0,0.476,0.485,1.93
TOI-1238 b,TOI-1238,Transit,1,3.76,1.21,1133.0,0.25,0.31,4089.0,0.58,0.59,442.0
TOI-1238 c,TOI-1238,Transit,1,8.32,2.11,695.0,0.15,0.31,4089.0,0.58,0.59,63.0
TOI-1246 b,TOI-1246,Transit,1,8.1,3.01,955.0,,0.17,5151.0,0.86,0.87,196.0
TOI-1246 c,TOI-1246,Transit,1,9.1,2.45109846,862.49,0.0,0.168,5213.0,0.8649,0.8889,
TOI-1246 d,TOI-1246,Transit,1,5.4,3.43139739,587.77,0.0,0.168,5213.0,0.8649,0.8889,
TOI-1246 e,TOI-1246,Transit,1,14.5,3.5141875,463.98,0.0,0.168,5213.0,0.8649,0.8889,
TOI-1248 b,TOI-1248,Transit,1,27.4,6.8084859,952.09,0.0,0.223,5205.0,0.8686,0.9042,
TOI-1249 b,TOI-1249,Transit,1,11.9,3.2710301,726.89,0.0,0.297,5497.0,0.9785,1.0062,
TOI-125 b,TOI-125,Transit,1,9.5,2.726,1037.0,0.194,-0.02,5320.0,0.848,0.859,185.0
TOI-125 c,TOI-125,Transit,1,6.63,2.759,827.8,0.066,-0.02,5320.0,0.848,0.859,77.59
TOI-125 d,TOI-125,Transit,1,13.6,2.93,638.1,0.168,-0.02,5320.0,0.848,0.859,26.7
TOI-1259 A b,TOI-1259 A,Transit,1,140.16232749,11.45557828,963.0,0.0,-0.5,4775.0,0.711,0.744,
TOI-1260 b,TOI-1260,Transit,1,8.56,2.41,871.0,0.0,-0.1,4227.0,0.672,0.679,95.58
TOI-1260 c,TOI-1260,Transit,1,13.2,2.76,651.0,0.0,-0.1,4227.0,0.672,0.679,29.81
TOI-1260 d,TOI-1260,Transit,1,11.84,3.12,499.0,0.0,-0.1,4227.0,0.672,0.679,10.32
TOI-1266 b,TOI-1266,Transit,1,4.46,2.52,415.0,0.039,-0.109,3563.0,0.4232,0.437,
TOI-1266 c,TOI-1266,Transit,1,3.17,1.98,346.0,0.071,-0.109,3563.0,0.4232,0.437,
TOI-1268 b,TOI-1268,Transit,1,96.4,9.1,918.9,0.105,0.36,5300.0,0.92,0.96,
TOI-1269 b,TOI-1269,Transit,1,6.4,2.40144286,1004.9,0.0,-0.049,5499.0,0.8521,0.9027,
TOI-1272 b,TOI-1272,Transit,1,27.0,4.13204907,975.0,0.35,0.182,5065.0,0.7934,0.8772,
TOI-1273 b,TOI-1273,Transit,1,70.55790635,11.09689089,1211.0,0.055,0.07,5690.0,1.06,1.06,
TOI-1279 b,TOI-1279,Transit,1,10.6,2.66146528,759.0,0.0,-0.079,5457.0,0.8426,0.8784,
TOI-1288 b,TOI-1288,Transit,1,44.1,4.96846551,1203.44,0.0,0.257,5388.0,0.9583,0.9552,
TOI-1294 b,TOI-1294,Transit,1,63.9,10.12369881,1392.74,0.0,0.283,5718.0,1.5566,1.1578,
TOI-1295 b,TOI-1295,Transit,1,451.31633794,15.69257298,2360.0,0.024,0.26,6280.0,1.7,1.38,1800.0
TOI-1296 b,TOI-1296,Transit,1,95.3,14.11645916,1414.84,0.0,0.405,5567.0,1.7031,1.1576,
TOI-1298 b,TOI-1298,Transit,1,99.0,9.65807033,1278.0,0.0,0.397,5752.0,1.4536,1.2187,
TOI-132 b,TOI-132,Transit,1,22.4,3.42,1395.0,0.059,0.16,5397.0,0.9,0.97,860.0
TOI-1333 b,TOI-1333,Transit,1,753.2571,15.647764,1679.0,0.073,0.119,6274.0,1.925,1.464,
TOI-1347 b,TOI-1347,Transit,1,11.1,1.8,1400.0,0.0,0.04,5464.0,0.83,0.913,
TOI-1347 c,TOI-1347,Transit,1,6.4,1.6,1000.0,0.0,0.04,5464.0,0.83,0.913,
TOI-1386 b,TOI-1386,Transit,1,45.8,6.2163865,615.03,0.0,0.149,5735.0,1.0235,1.0363,
TOI-1410.01,TOI-1410,Transit,1,12.5,3.10083009,1236.7,0.0,0.328,4635.0,0.7558,0.7941,
TOI-1411 b,TOI-1411,Transit,1,2.0,1.19880592,976.4,0.0,0.012,4115.0,0.614,0.6045,
TOI-1416 b,TOI-1416,Transit,1,3.48,1.62,1517.0,0.0,0.08,4884.0,0.793,0.798,883.0
TOI-1420 b,TOI-1420,Transit,1,25.1,11.89,957.0,0.17,0.28,5510.0,0.923,0.987,139.0
TOI-1422 b,TOI-1422,Transit,1,9.0,3.96,867.0,0.04,-0.09,5840.0,1.019,0.981,
TOI-1431 b,TOI-1431,Transit,1,991.62462984,16.70138124,2370.0,0.0022,0.09,7690.0,1.92,1.9,5300.0
TOI-1439 b,TOI-1439,Transit,1,38.5,4.2427861,748.4,0.157,0.226,5841.0,1.6184,1.2313,
TOI-1443 b,TOI-1443,Transit,1,30.0,2.30381001,520.66,0.0,-0.294,5224.0,0.7511,0.7663,
TOI-1444 b,TOI-1444,Transit,1,3.58,1.41792246,2130.02,0.0,0.146,5460.0,0.9105,0.9513,
TOI-1448 b,TOI-1448,Transit,1,19.5,2.749,426.0,0.36,0.37,3412.0,0.38,0.372,5.45
TOI-1450 A b,TOI-1450 A,Transit,1,1.258,1.13,722.0,,-0.12,3437.0,0.483,0.48,
TOI-1451 b,TOI-1451,Transit,1,15.2,2.61143902,723.33,0.0,0.019,5801.0,1.0162,1.0022,
TOI-1452 b,TOI-1452,Transit,1,4.82,1.672,326.0,0.0,-0.07,3185.0,0.275,0.249,1.8
TOI-1453 b,TOI-1453,Transit,1,2.32,1.173,944.2,0.0,-0.31,4975.0,0.72,0.715,132.6
TOI-1453 c,TOI-1453,Transit,1,2.95,2.224,819.8,0.0,-0.31,4975.0,0.72,0.715,75.3
TOI-1468 b,TOI-1468,Transit,1,3.04,1.401,683.5,0.0099,-0.01,3376.0,0.3714,0.3527,36.4
TOI-1468 c,TOI-1468,Transit,1,4.1,2.126,338.1,0.111,-0.01,3376.0,0.3714,0.3527,2.13
TOI-1470 b,TOI-1470,Transit,1,7.32,2.18,734.0,0.3,0.0,3709.0,0.469,0.471,46.3
TOI-1470 c,TOI-1470,Transit,1,7.24,2.47,373.0,0.5,0.0,3709.0,0.469,0.471,3.35
TOI-1472 b,TOI-1472,Transit,1,16.5,4.15964583,811.14,0.0,0.287,5133.0,0.8377,0.9154,
TOI-150.01,TOI-150,Transit,1,797.7533,14.067295,1404.5,0.262,0.28,6255.0,1.526,1.351,
TOI-1518 b,TOI-1518,Transit,1,731.0053361,21.01683881,2492.0,0.01,-0.1,7300.0,1.95,1.79,
TOI-157 b,TOI-157,Transit,1,375.0394,14.414774,1588.0,0.0,0.24,5404.0,1.167,0.948,1062.0
TOI-1601 b,TOI-1601,Transit,1,387.0,14.19902343,1493.97,0.0,0.343,5982.0,2.195,1.5055,
TOI-163 b,TOI-163,Transit,1,387.7526,16.690201,1669.0,0.0,0.22,6495.0,1.648,1.4352,
TOI-1669 c,TOI-1669,Transit,1,13.0,2.2963977,1285.16,0.0,0.274,5497.0,1.0561,0.9867,
TOI-1670 b,TOI-1670,Transit,1,41.31769291,2.06,1062.0,0.59,0.09,6170.0,1.316,1.21,
TOI-1670 c,TOI-1670,Transit,1,200.23189641,11.06326395,684.0,0.09,0.09,6170.0,1.316,1.21,
TOI-1685 b,TOI-1685,Transit,1,3.03,1.468,1062.0,0.0,0.3,3575.0,0.4555,0.454,236.0
TOI-169 b,TOI-169,Transit,1,251.40353,12.172974,1715.0,0.0,0.24,5880.0,1.288,1.147,1443.0
TOI-1694 b,TOI-1694,Transit,1,31.3,5.3422266,943.19,0.0,0.131,5058.0,0.8036,0.853,
TOI-1695 b,TOI-1695,Transit,1,6.36,1.9,698.0,0.097,0.0,3690.0,0.515,0.513,39.0
TOI-1696 b,TOI-1696,Transit,1,48.8,3.09,489.0,,0.336,3185.0,0.2775,0.255,
TOI-1710 b,TOI-1710,Transit,1,22.4,5.20315158,602.99,0.0,0.147,5684.0,0.9574,1.0258,
TOI-172 b,TOI-172,Transit,1,1722.6386,10.816685,1198.0,0.3806,0.148,5645.0,1.777,1.128,299.0
TOI-1728 b,TOI-1728,Transit,1,26.78,5.05,767.0,0.057,0.25,3980.0,0.6243,0.646,57.78
TOI-1736 b,TOI-1736,Transit,1,12.3,3.18175535,1099.79,0.0,0.148,5636.0,1.4286,1.0373,
TOI-1742 b,TOI-1742,Transit,1,9.7,2.36507598,694.09,0.3,0.193,5815.0,1.131,1.0861,
TOI-1749 b,TOI-1749,Transit,1,57.0,1.39,831.0,0.14,-0.26,3985.0,0.55,0.58,
TOI-1749 c,TOI-1749,Transit,1,14.0,2.12,673.0,0.019,-0.26,3985.0,0.55,0.58,
TOI-1749 d,TOI-1749,Transit,1,15.0,2.52,533.0,0.062,-0.26,3985.0,0.55,0.58,
TOI-1751 b,TOI-1751,Transit,1,19.5,2.9507845,651.64,0.327,-0.373,5970.0,1.3137,0.9382,
TOI-1753 b,TOI-1753,Transit,1,16.6,2.47852533,1005.43,0.0,0.026,5621.0,0.9715,0.9483,
TOI-1759 b,TOI-1759,Transit,1,10.8,3.14,443.0,0.0,0.05,4065.0,0.597,0.606,6.39
TOI-1775 b,TOI-1775,Transit,1,96.0,8.04728896,707.89,0.0,0.162,5284.0,0.8288,0.9218,
TOI-1776 b,TOI-1776,Transit,1,1.4,1.21612741,1269.21,0.0,-0.193,5785.0,0.9356,0.9196,
TOI-178 b,TOI-178,Transit,1,1.5,1.152,1040.0,,-0.23,4316.0,0.651,0.65,
TOI-178 c,TOI-178,Transit,1,4.77,1.669,873.0,,-0.23,4316.0,0.651,0.65,
TOI-178 d,TOI-178,Transit,1,3.01,2.572,690.0,,-0.23,4316.0,0.651,0.65,
TOI-178 e,TOI-178,Transit,1,3.86,2.207,600.0,,-0.23,4316.0,0.651,0.65,
TOI-178 f,TOI-178,Transit,1,7.72,2.287,521.0,,-0.23,4316.0,0.651,0.65,
TOI-178 g,TOI-178,Transit,1,3.94,2.87,470.0,,-0.23,4316.0,0.651,0.65,
TOI-1789 b,TOI-1789,Transit,1,222.4798849,16.14093221,1927.0,,0.373,5991.0,2.168,1.507,2300.0
TOI-1794 b,TOI-1794,Transit,1,8.7,3.29701268,992.91,0.0,0.035,5631.0,1.3162,0.9698,
TOI-1801 b,TOI-1801,Transit,1,5.738,2.079,493.7,0.0,-0.19,3863.0,0.547,0.556,
TOI-1803 b,TOI-1803,Transit,1,10.32,2.99,747.0,0.0,0.014,4687.0,0.715,0.756,58.0
TOI-1803 c,TOI-1803,Transit,1,8.0,4.29,588.0,0.0,0.014,4687.0,0.715,0.756,22.0
TOI-1807 b,TOI-1807,Transit,1,2.44,1.49681583,1694.1,0.0,0.044,4914.0,0.746,0.8048,
TOI-181 b,TOI-181,Transit,1,46.1687,6.9559,895.1,0.1543,0.272,4994.0,0.745,0.822,102.43
TOI-1811 b,TOI-1811,Transit,1,308.9292116,11.14172682,962.2,0.052,0.306,4766.0,0.769,0.817,
TOI-1820 b,TOI-1820,Transit,1,731.0053361,12.778238,1375.0,0.043,0.14,5734.0,1.51,1.04,
TOI-1823 b,TOI-1823,Transit,1,67.4,7.5406241,423.63,0.0,0.243,4927.0,0.8049,0.8414,
TOI-1824 b,TOI-1824,Transit,1,16.0,2.7438269,528.67,0.0,0.124,5165.0,0.8123,0.8801,
TOI-1836 b,TOI-1836,Transit,1,38.45723725,8.00321222,966.0,0.0,-0.101,6380.0,1.577,1.307,
TOI-1836 c,TOI-1836,Transit,1,8.0,2.59987579,2007.6,0.0,-0.136,6237.0,1.6454,1.2518,
TOI-1842 b,TOI-1842,Transit,1,89.4,12.3485023,1199.55,0.276,0.332,6039.0,2.032,1.4643,
TOI-1853 b,TOI-1853,Transit,1,73.2,3.46,1479.0,0.03,0.11,4985.0,0.808,0.837,
TOI-1855 b,TOI-1855,Transit,1,360.09958513,18.49481816,1701.0,0.033,0.399,5359.0,1.041,0.987,
TOI-1898 b,TOI-1898,Transit,1,129.0,9.39553231,674.54,0.485,-0.095,6241.0,1.6131,1.2484,
TOI-1899 b,TOI-1899,Transit,1,212.94503269,11.09689089,378.0,0.044,0.28,3926.0,0.607,0.632,3.4
TOI-1937 A b,TOI-1937 A,Transit,1,638.83509807,13.97759893,2097.0,0.0,0.196,5814.0,1.08,1.072,3230.0
TOI-1994 b,TOI-1994,Transit,1,7024.0077947,13.67495645,2290.0,0.341,-0.01,7700.0,2.3,1.86,
TOI-2000 b,TOI-2000,Transit,1,11.0,2.7,1488.0,0.0,0.439,5611.0,1.134,1.082,628.0
TOI-2000 c,TOI-2000,Transit,1,81.7,8.14,1038.0,0.063,0.439,5611.0,1.134,1.082,149.0
TOI-2010 b,TOI-2010,Transit,1,408.7273314,11.81426566,400.2,0.212,0.168,5929.0,1.079,1.112,4.09
TOI-2015 b,TOI-2015,Transit,1,9.2,3.309,530.9,0.0789,-0.31,3297.0,0.3273,0.3041,13.185
TOI-2019 b,TOI-2019,Transit,1,34.4,5.33275337,917.46,0.0,0.409,5626.0,1.7457,1.1832,
TOI-2025 b,TOI-2025,Transit,1,1144.1822652,11.89272852,1166.0,0.394,0.15,5977.0,1.459,1.199,
TOI-2031 A b,TOI-2031 A,Transit,1,254.2627256,14.20177855,1358.0,0.076,-0.24,6490.0,1.241,1.174,567.0
TOI-2076 c,TOI-2076,Transit,1,55.0,3.69441587,543.16,0.0,0.02,5192.0,0.796,0.8557,
TOI-2076 d,TOI-2076,Transit,1,29.0,3.43087751,457.68,0.0,0.02,5192.0,0.796,0.8557,
TOI-2088 b,TOI-2088,Transit,1,37.0,3.6831179,300.33,0.0,0.339,5081.0,0.8481,0.9027,
TOI-2095 b,TOI-2095,Transit,1,4.1,1.25,347.0,0.0,-0.24,3759.0,0.44,0.44,3.43
TOI-2095 c,TOI-2095,Transit,1,7.4,1.33,297.0,0.0,-0.24,3759.0,0.44,0.44,1.84
TOI-2107 b,TOI-2107,Transit,1,263.79757781,13.57407563,1397.0,0.033,0.07,5627.0,0.932,0.961,
TOI-2109 b,TOI-2109,Transit,1,1595.49860314,15.098497,3646.0,,0.068,6540.0,1.698,1.453,
TOI-2120 b,TOI-2120,Transit,1,6.8,2.122,384.0,0.32,0.39,3131.0,0.245,0.211,3.61
TOI-2128 b,TOI-2128,Transit,1,4.5,2.08874836,780.53,0.0,-0.07,5968.0,1.1174,1.0251,
TOI-2134 b,TOI-2134,Transit,1,9.13,2.69,666.0,0.06,0.12,4580.0,0.709,0.744,32.0
TOI-2134 c,TOI-2134,Transit,1,41.89,7.27,306.0,0.67,0.12,4580.0,0.709,0.744,1.4
TOI-2136 b,TOI-2136,Transit,1,6.37,2.19,395.0,0.0,0.03,3342.0,0.34,0.34,4.0
TOI-2141 b,TOI-2141,Transit,1,24.0,3.05,722.0,0.21,-0.12,5659.0,0.98,0.94,
TOI-2145 b,TOI-2145,Transit,1,1767.0,12.41899699,1363.43,0.21,0.285,6200.0,2.7505,1.7169,
TOI-2152 A b,TOI-2152,Transit,1,899.45439181,14.35870428,1802.0,0.057,0.282,6630.0,1.612,1.516,
TOI-2154 b,TOI-2154,Transit,1,292.40213444,16.28664896,1580.0,0.117,0.011,6280.0,1.396,1.233,
TOI-2158 b,TOI-2158,Transit,1,260.61929374,10.76062147,1188.0,0.07,0.47,5673.0,1.41,1.12,
TOI-2169 A b,TOI-2169 A,Transit,1,329.58805806,12.50922246,1364.0,0.045,0.123,6270.0,1.82,1.42,577.0
TOI-2180 b,TOI-2180,Transit,1,875.61726129,11.32107051,348.0,0.3683,0.253,5695.0,1.636,1.111,2.71
TOI-2193 A b,TOI-2193 A,Transit,1,298.75870258,19.83989584,1763.0,0.0,0.027,5966.0,1.248,1.082,1600.0
TOI-2196 b,TOI-2196,Transit,1,26.0,3.51,1860.0,0.0,0.14,5634.0,1.043,1.032,2000.0
TOI-220 b,TOI-220,Transit,1,13.8,3.03,805.0,0.032,-0.217,5298.0,0.858,0.825,
TOI-2207 b,TOI-2207,Transit,1,203.41018048,11.1529358,1259.0,0.174,0.181,6101.0,1.564,1.296,406.0
TOI-2236 b,TOI-2236,Transit,1,502.16888306,14.36991326,1688.0,0.0,0.119,6248.0,1.573,1.343,1356.0
TOI-2295 b,TOI-2295,Transit,1,278.09985612,16.47720163,747.0,0.334,0.316,5730.0,1.459,1.168,
TOI-2328 b,TOI-2328,Transit,1,50.85254512,9.97599282,842.0,0.057,0.09,5525.0,0.9,0.95,
TOI-2338 b,TOI-2338,Transit,1,1900.61387386,11.2089807,799.0,0.676,0.22,5581.0,1.05,0.99,
TOI-2346 b,TOI-2346,Transit,1,394.10722468,16.11851425,1689.0,0.086,-0.03,6480.0,1.38,1.271,1360.0
TOI-2364 b,TOI-2364,Transit,1,71.51139158,8.60849718,1091.0,0.0,0.344,5306.0,0.886,0.954,237.0
TOI-2368 b,TOI-2368,Transit,1,206.58846455,10.83908434,1000.0,0.061,0.1,5360.0,0.846,0.897,
TOI-2373 b,TOI-2373,Transit,1,2955.8041851,10.42435205,860.0,0.112,0.3,5651.0,1.102,1.041,
TOI-2374 b,TOI-2374,Transit,1,56.64,6.81,885.0,0.13,0.15,4802.0,0.69,0.75,
TOI-2379 b,TOI-2379,Transit,1,1830.69162432,11.72459381,624.0,0.342,0.501,3707.0,0.622,0.645,25.3
TOI-238 c,TOI-238,Radial Velocity,1,6.7,2.18,696.0,0.36,-0.114,5059.0,0.733,0.79,58.3
TOI-2382 b,TOI-2382,Transit,1,235.19302118,12.25141591,1426.0,0.18,0.249,6033.0,1.417,1.26,689.0
TOI-2384 b,TOI-2384,Transit,1,624.85064816,11.48920522,889.7,0.0,0.332,3943.0,0.6113,0.635,104.3
TOI-2406 b,TOI-2406,Transit,1,15.6,2.86,449.0,0.17,-0.26,3100.0,0.204,0.166,6.69
TOI-2416 b,TOI-2416,Transit,1,953.485221,9.86390302,1080.0,0.32,0.32,5808.0,1.236,1.118,
TOI-2420 b,TOI-2420,Transit,1,294.62693329,15.02003414,1571.6,0.055,,,2.369,1.158,1017.0
TOI-2421 b,TOI-2421,Transit,1,105.83685953,10.36830715,1534.0,0.0,0.19,5607.0,1.75,1.131,923.6
TOI-244 b,TOI-244,Transit,1,2.68,1.52,458.0,,-0.39,3433.0,0.426,0.428,7.3
TOI-2443 b,TOI-2443,Transit,1,4.8,2.363,519.0,0.301,-0.29,4375.0,0.631,0.642,
TOI-2447 b,TOI-2447,Transit,1,124.90656395,9.60609646,414.0,0.17,0.18,5730.0,1.006,1.034,
TOI-2458 b,TOI-2458,Transit,1,13.31,2.83,1509.4,0.087,-0.1,6005.0,1.31,1.05,865.0
TOI-2485 b,TOI-2485,Transit,1,766.60211768,12.1393261,1134.0,0.0341,,,1.72,1.163,275.6
TOI-2497 b,TOI-2497,Transit,1,1531.93292174,11.14172682,1595.0,0.195,0.094,7360.0,2.36,1.859,
TOI-2498 b,TOI-2498,Transit,1,34.62,6.06,1443.0,0.089,0.167,5905.0,1.26,1.12,
TOI-2524 b,TOI-2524,Transit,1,203.41018048,11.2089807,1100.0,0.0,0.06,5831.0,1.119,1.007,
TOI-2529 b,TOI-2529,Transit,1,743.71847238,11.54525012,636.0,0.021,0.1,5802.0,1.7,1.11,
TOI-2537 b,TOI-2537,Transit,1,415.40172795,11.25381662,338.0,0.364,0.08,4870.0,0.771,0.771,
TOI-2567 b,TOI-2567,Transit,1,63.88350981,10.92875618,1352.0,0.0,0.241,5611.0,1.686,1.13,558.0
TOI-257 b,TOI-257,Transit,1,43.86032017,7.16253867,1027.0,0.0,0.175,6095.0,1.867,1.407,186.0
TOI-2570 b,TOI-2570,Transit,1,260.61929374,13.64132951,1431.0,0.0,0.191,5771.0,1.095,1.063,699.0
TOI-2580 b,TOI-2580,Transit,1,200.23189641,17.37392009,2410.0,0.08,0.26,6120.0,1.81,1.33,1730.0
TOI-2583 A b,TOI-2583 A,Transit,1,79.45710175,14.4595851,1456.0,0.0,0.158,5936.0,1.477,1.215,750.9
TOI-2587 A b,TOI-2587 A,Transit,1,69.28659273,12.07207221,1445.0,0.0,0.13,5760.0,1.726,1.15,728.0
TOI-2589 b,TOI-2589,Transit,1,1112.3994245,12.10569916,592.0,0.522,0.12,5579.0,1.07,0.93,
TOI-260 b,TOI-260,Transit,1,4.23,1.71,493.0,0.0,-0.47,4026.0,0.607,0.616,
TOI-2641 b,TOI-2641,Transit,1,122.6817651,18.10250383,1387.0,0.18,-0.15,6100.0,1.336,1.16,602.0
TOI-269 b,TOI-269,Transit,1,8.8,2.77,531.0,0.425,-0.29,3514.0,0.398,0.3917,19.0
TOI-270 b,TOI-270,Transit,1,1.58,1.206,581.0,0.034,-0.2,3506.0,0.378,0.386,
TOI-270 c,TOI-270,Transit,1,6.15,2.355,488.0,0.027,-0.2,3506.0,0.378,0.386,
TOI-270 d,TOI-270,Transit,1,4.78,2.133,387.0,0.032,-0.2,3506.0,0.378,0.386,
TOI-2714 b,TOI-2714,Transit,1,228.0,13.72,1603.0,0.164,0.3,5665.0,1.25,1.07,
TOI-2796 b,TOI-2796,Transit,1,139.84449908,17.26183028,1205.0,0.0,0.239,5764.0,1.069,1.063,352.0
TOI-2803 A b,TOI-2803 A,Transit,1,309.88269682,18.11371281,1893.0,0.0,-0.105,6280.0,1.245,1.118,2150.0
TOI-2818 b,TOI-2818,Transit,1,225.65816897,15.27784069,1376.0,0.0,-0.02,5721.0,1.229,0.977,598.0
TOI-2842 b,TOI-2842,Transit,1,117.59651059,12.84549188,1471.0,0.0,0.233,5910.0,1.265,1.135,781.8
TOI-286 b,TOI-286,Transit,1,4.53,1.42,979.0,0.0,-0.05,5152.0,0.78,0.832,
TOI-286 c,TOI-286,Transit,1,3.72,1.88,475.0,0.0,-0.05,5152.0,0.78,0.832,
TOI-2876 b,TOI-2876,Transit,1,54.03082919,9.6397234,929.0,0.13,0.353,5271.0,0.873,0.939,124.2
TOI-2886 b,TOI-2886,Transit,1,444.9597698,18.6405349,1978.0,0.11,0.284,6240.0,1.241,1.229,2560.0
TOI-2969 b,TOI-2969,Transit,1,368.68095212,12.32987877,1186.0,0.0,0.08,4738.0,0.7,0.71,382.0
TOI-2977 b,TOI-2977,Transit,1,533.95172376,13.15934334,1544.0,0.0,0.013,5691.0,1.073,0.936,947.8
TOI-2981 b,TOI-2981,Transit,1,638.0,13.4,1358.0,0.035,-0.11,5940.0,1.08,1.03,
TOI-2986 b,TOI-2986,Transit,1,96.61983573,9.292245,1622.0,0.14,0.095,5906.0,1.458,1.122,1156.0
TOI-2989 b,TOI-2989,Transit,1,953.485221,12.55405838,1001.0,0.0,-0.04,4672.0,0.76,0.77,124.0
TOI-2992 b,TOI-2992,Transit,1,1058.36859531,13.75341932,1726.0,0.089,0.084,6000.0,1.545,1.21,1484.0
TOI-3023 b,TOI-3023,Transit,1,197.05361234,16.43236571,1596.0,0.0,0.085,5760.0,1.668,1.12,1084.0
TOI-3071 b,TOI-3071,Transit,1,68.2,7.16,2155.0,0.09,0.35,6177.0,1.31,1.29,
TOI-3135 b,TOI-3135,Transit,1,327.36325921,13.65253849,1292.0,0.24,0.071,5890.0,0.985,1.044,464.0
TOI-3160 A b,TOI-3160 A,Transit,1,378.21580433,13.7646283,1539.0,0.18,-0.114,6190.0,1.346,1.088,933.0
TOI-3235 b,TOI-3235,Transit,1,211.35589065,11.39953337,604.0,0.029,0.264,3388.8,0.3697,0.3939,
TOI-3261 b,TOI-3261,Transit,1,30.3,3.82,1722.0,0.0,0.138,5068.0,0.849,0.861,1466.0
TOI-329 b,TOI-329,Transit,1,40.4,4.94057819,1213.02,0.39,0.205,5614.0,1.5326,1.0678,
TOI-332 b,TOI-332,Transit,1,57.2,3.2,1871.0,0.0,0.256,5251.0,0.87,0.88,
TOI-3321 b,TOI-3321,Transit,1,176.07693748,15.55806521,1616.0,0.054,-0.103,5850.0,1.549,1.041,
TOI-3331 A b,TOI-3331 A,Transit,1,721.47048389,12.97999965,1488.0,0.0,0.148,5609.0,0.952,1.016,818.5
TOI-3364 b,TOI-3364,Transit,1,530.77343969,12.22899794,1264.0,0.0,0.387,5706.0,1.419,1.186,425.0
TOI-3464 b,TOI-3464,Transit,1,397.28550875,13.7646283,1693.0,0.25,0.045,6370.0,1.56,1.363,1370.0
TOI-3474 b,TOI-3474,Transit,1,193.87532827,14.67255574,1451.0,0.13,0.146,6020.0,1.256,1.121,740.0
TOI-3486 b,TOI-3486,Transit,1,99.16246298,10.5700688,1190.0,0.078,0.283,4930.0,0.788,0.837,334.0
TOI-3493 b,TOI-3493,Transit,1,8.97,3.22,1102.0,,0.03,5844.0,1.228,1.023,245.0
TOI-3523 A b,TOI-3523 A,Transit,1,435.42491759,15.9727975,1984.0,0.047,-0.366,6450.0,1.448,1.131,2590.0
TOI-3540 A b,TOI-3540 A,Transit,1,375.03752026,23.53885947,1498.0,0.0,0.176,5810.0,1.228,1.081,841.3
TOI-3568 b,TOI-3568,Transit,1,26.4,5.3,899.0,0.035,-0.01,4969.0,0.719,0.78,
TOI-3593 b,TOI-3593,Transit,1,565.73456446,11.02963701,1170.0,0.105,0.384,5550.0,0.918,1.015,308.0
TOI-3629 b,TOI-3629,Transit,1,82.63538582,8.29464572,690.0,0.05,0.4,3870.0,0.6,0.63,39.0
TOI-3682 b,TOI-3682,Transit,1,69.28659273,12.80065596,1657.0,0.22,0.416,5703.0,1.735,1.32,1258.0
TOI-3688 A b,TOI-3688 A,Transit,1,311.47183886,13.08088048,1534.0,0.0,0.262,5950.0,1.302,1.199,924.3
TOI-3693 b,TOI-3693,Transit,1,324.18497514,12.59889431,801.0,0.0,0.071,5321.0,0.791,0.867,68.6
TOI-3714 b,TOI-3714,Transit,1,222.4798849,11.32107051,750.0,0.03,0.1,3660.0,0.51,0.53,54.0
TOI-3757 b,TOI-3757,Transit,1,85.3,12.0,759.0,0.14,0.0,3913.0,0.62,0.64,55.4
TOI-3785 b,TOI-3785,Transit,1,14.95,5.14,582.0,0.11,0.099,3576.0,0.5,0.52,19.1
TOI-3807 b,TOI-3807,Transit,1,330.54154328,18.49481816,1646.0,0.0,0.278,5772.0,1.468,1.181,1230.0
TOI-3819 b,TOI-3819,Transit,1,352.78953177,13.13692538,1633.0,0.0,0.273,5859.0,1.538,1.242,1186.0
TOI-3837 b,TOI-3837,Transit,1,187.51876013,10.87271128,1178.0,0.221,-0.26,5905.0,1.2,0.89,
TOI-3856 b,TOI-3856,Transit,1,171.62733978,13.59649359,1544.0,0.083,0.454,5622.0,1.055,1.096,949.0
TOI-3877 b,TOI-3877,Transit,1,99.7981198,11.67975789,1445.0,0.22,0.269,5731.0,1.445,1.16,729.0
TOI-3884 b,TOI-3884,Transit,1,32.59,6.43,441.0,0.06,0.04,3180.0,0.302,0.298,6.29
TOI-3894 b,TOI-3894,Transit,1,260.61929374,15.27784069,1531.0,0.05,0.021,6000.0,1.502,1.138,
TOI-3912 b,TOI-3912,Transit,1,129.03833324,14.28024141,1512.0,0.0,0.187,5725.0,1.392,1.088,872.2
TOI-3919 b,TOI-3919,Transit,1,1233.17421916,12.31866979,1198.0,0.259,0.175,6100.0,1.319,1.208,
TOI-3976 A b,TOI-3976 A,Transit,1,55.61997123,12.27383387,1295.0,0.0,0.182,5975.0,1.501,1.254,469.0
TOI-3980 b,TOI-3980,Transit,1,187.51876013,14.4595851,1621.0,0.16,0.188,5840.0,1.626,1.24,1153.0
TOI-3984 A b,TOI-3984 A,Transit,1,44.0,7.9,563.0,0.23,0.18,3476.0,0.47,0.49,16.7
TOI-4010 b,TOI-4010,Transit,1,11.0,3.02,1441.0,0.03,0.37,4960.0,0.83,0.88,714.0
TOI-4010 c,TOI-4010,Transit,1,20.31,5.93,907.0,0.03,0.37,4960.0,0.83,0.88,112.0
TOI-4010 d,TOI-4010,Transit,1,38.15,6.18,650.0,0.07,0.37,4960.0,0.83,0.88,30.0
TOI-406 c,TOI-406,Transit,1,2.08,1.32,584.0,0.032,-0.02,3392.0,0.41,0.408,19.0
TOI-406.01,TOI-406,Transit,1,6.57,2.08,368.0,0.056,-0.02,3392.0,0.41,0.408,3.0
TOI-4087 b,TOI-4087,Transit,1,232.01473711,13.04725353,1458.0,0.0,0.237,6060.0,1.112,1.178,753.9
TOI-411 b,HD 22946,Transit,1,13.71,1.362,1241.0,,-0.08,6169.0,1.117,1.098,495.139
TOI-411 c,HD 22946,Transit,1,9.72,2.328,931.0,,-0.08,6169.0,1.117,1.098,156.75
TOI-4127 b,TOI-4127,Transit,1,731.0053361,12.28504285,605.1,0.7471,0.14,6096.0,1.293,1.23,22.3
TOI-4137 b,TOI-4137,Transit,1,457.67290608,13.57407563,1570.0,0.0,0.182,6202.0,1.438,1.313,1013.0
TOI-4145 A b,TOI-4145 A,Transit,1,136.66621501,13.30506009,1074.0,0.0,0.168,5281.0,0.859,0.905,223.0
TOI-4153 b,TOI-4153,Transit,1,365.50266805,16.11851425,1669.0,0.039,0.317,6860.0,1.605,1.572,
TOI-4201 b,TOI-4201,Transit,1,788.21444936,13.67495645,725.0,0.041,0.52,3794.0,0.63,0.61,45.2
TOI-421 b,TOI-421,Transit,1,6.7,2.64,922.0,0.13,-0.044,5291.0,0.866,0.833,
TOI-421 c,TOI-421,Transit,1,14.1,5.09,635.0,0.19,-0.044,5291.0,0.866,0.833,
TOI-4214 b,TOI-4214,Transit,1,165.27077164,10.68215861,1642.0,0.17,0.294,6370.0,1.434,1.382,1210.0
TOI-431 b,TOI-431,Transit,1,3.07,1.28,1862.0,0.0,0.2,4850.0,0.731,0.78,
TOI-431 d,TOI-431,Transit,1,9.9,3.29,633.0,0.0,0.2,4850.0,0.731,0.78,
TOI-4406 b,TOI-4406,Transit,1,95.3485221,11.2089807,904.0,0.15,0.1,6219.0,1.29,1.19,
TOI-4438 b,TOI-4438,Transit,1,5.4,2.52,435.0,0.14,-0.19,3422.0,0.372,0.368,6.0
TOI-4463 A b,TOI-4463 A,Transit,1,252.35575516,13.26022417,1395.0,0.0,0.25,5640.0,1.062,1.056,633.0
TOI-4465 b,TOI-4465,Transit,1,1872.00931723,14.01122587,427.0,0.24,-0.06,5545.0,1.014,0.93,
TOI-4487 A b,TOI-4487 A,Transit,1,397.28550875,14.60530185,1639.0,0.083,0.216,6206.0,1.634,1.378,1203.0
TOI-4515 b,TOI-4515,Transit,1,637.0,12.17,705.0,0.461,0.05,5433.0,0.86,0.949,
TOI-4600 b,TOI-4600,Transit,1,959.84178914,6.8,347.0,0.25,0.16,5170.0,0.81,0.89,
TOI-4600 c,TOI-4600,Transit,1,2946.26933289,9.42,191.0,0.21,0.16,5170.0,0.81,0.89,
TOI-4603 b,TOI-4603,Transit,1,4096.80816623,11.67975789,1677.0,0.325,0.342,6264.0,2.738,1.765,1192.0
TOI-4734 b,TOI-4734,Transit,1,61.65871096,10.9175472,1468.0,0.12,0.288,6070.0,1.857,1.391,775.0
TOI-4791 b,TOI-4791,Transit,1,734.18362017,12.44196858,1472.0,0.0,0.207,6058.0,1.409,1.242,783.2
TOI-4794 b,TOI-4794,Transit,1,308.29355479,14.35870428,1673.0,0.1,-0.102,6390.0,1.451,1.25,1310.0
TOI-480 b,TOI-480,Transit,1,20.8,2.85372018,1198.94,0.0,0.164,6174.0,1.4877,1.2793,
TOI-481 b,TOI-481,Transit,1,486.2799,11.09691,1370.0,0.153,0.26,5735.0,1.66,1.14,
TOI-4860 b,TOI-4860,Transit,1,86.7,8.7,694.0,0.008,0.27,3260.0,0.358,0.34,42.5
TOI-4914 b,TOI-4914,Transit,1,227.0,12.87,894.0,0.408,-0.13,5805.0,1.0,1.03,
TOI-4961 b,TOI-4961,Transit,1,572.0911326,12.34108775,919.0,0.182,0.206,5380.0,0.912,0.912,115.0
TOI-4994 b,TOI-4994,Transit,1,88.99195396,8.54124329,717.6,0.319,0.165,5640.0,1.055,1.005,40.0
TOI-500 b,TOI-500,Transit,1,1.42,1.166,1617.0,0.063,0.12,4440.0,0.678,0.74,1138.0
TOI-5005 b,TOI-5005,Transit,1,32.7,6.25,1040.0,,0.15,5749.0,0.93,0.97,226.0
TOI-5027 b,TOI-5027,Transit,1,642.01338214,10.76062147,1056.0,0.385,-0.15,5909.0,0.92,1.02,
TOI-5076 b,TOI-5076,Transit,1,16.14568308,3.48935569,550.0,0.0,0.082,4780.0,0.844,0.789,
TOI-5108 b,TOI-5108,Transit,1,32.0,6.6,1180.0,,0.2,5808.0,1.29,1.1,
TOI-5110 b,TOI-5110,Transit,1,921.7023803,11.98240037,976.0,0.745,0.065,6160.0,2.333,1.469,
TOI-512 b,TOI-512,Transit,1,3.57,1.54,1009.0,0.02,-0.11,5277.0,0.89,0.74,127.0
TOI-5153 b,TOI-5153,Transit,1,1036.12060682,11.88151954,906.0,0.091,0.12,6300.0,1.4,1.24,
TOI-5181 A b,TOI-5181 A,Transit,1,330.54154328,13.34989601,1585.0,0.15,0.208,6060.0,1.53,1.25,1053.0
TOI-519 b,TOI-519,Transit,1,147.15455244,11.54525012,687.0,0.33,0.27,3322.0,0.35,0.335,
TOI-5205 b,TOI-5205,Transit,1,343.0,11.6,737.0,0.02,0.0,3430.0,0.394,0.392,49.0
TOI-5210 b,TOI-5210,Transit,1,81.99972901,10.72699453,1286.0,0.066,0.324,5723.0,1.209,1.105,456.0
TOI-5218 b,TOI-5218,Transit,1,657.0,9.86,783.0,0.0,0.41,4230.0,0.708,0.739,62.0
TOI-5232 b,TOI-5232,Transit,1,743.71847238,12.778238,1772.0,0.035,-0.104,6500.0,1.785,1.389,
TOI-5293 A b,TOI-5293 A,Transit,1,170.4,11.9,675.0,0.38,-0.03,3586.0,0.52,0.54,34.6
TOI-530 b,TOI-530,Transit,1,127.1313628,9.30345398,565.0,0.0,0.376,3659.0,0.54,0.53,
TOI-5300 b,TOI-5300,Transit,1,190.6970442,9.86390302,1043.0,0.0,-0.17,4610.0,0.65,0.67,198.0
TOI-5301 b,TOI-5301,Transit,1,1182.32167404,13.09208946,1648.0,0.33,0.03,6240.0,2.19,1.483,
TOI-532 b,TOI-532,Transit,1,61.5,5.82,867.0,0.0,0.338,3927.0,0.612,0.639,94.1
TOI-5322 b,TOI-5322,Transit,1,184.02264765,16.6117094,1350.0,0.055,-0.048,5692.0,1.462,0.998,554.0
TOI-5340 b,TOI-5340,Transit,1,270.15414595,15.07607904,1566.0,0.13,0.208,5990.0,1.842,1.35,1004.0
TOI-5344 b,TOI-5344,Transit,1,130.94530368,10.60369574,689.0,0.054,0.425,3747.0,0.588,0.612,38.0
TOI-5386 A b,TOI-5386 A,Transit,1,155.10026262,14.70618268,1488.0,0.072,0.182,6094.0,1.245,1.165,817.0
TOI-5398 b,TOI-5398,Transit,1,58.7,10.3,947.0,0.13,0.09,6000.0,1.051,1.146,
TOI-5398 c,TOI-5398,Transit,1,11.8,3.52,1242.0,0.14,0.09,6000.0,1.051,1.146,
TOI-544 b,TOI-544,Transit,1,2.89,2.018,999.0,0.0,-0.17,4169.0,0.623,0.631,
TOI-5542 b,TOI-5542,Transit,1,419.53349724,11.30986153,441.0,0.018,-0.21,5700.0,1.058,0.89,9.6
TOI-5573 b,TOI-5573,Transit,1,112.0,9.75,528.0,0.072,0.42,3790.0,0.594,0.619,12.92
TOI-558 b,TOI-558,Transit,1,1147.36054927,12.17295304,1061.0,0.298,-0.004,6466.0,1.496,1.349,
TOI-559 b,TOI-559,Transit,1,1910.14872607,12.22899794,1180.0,0.151,-0.069,5925.0,1.233,1.026,
TOI-5592 b,TOI-5592,Transit,1,285.72773789,17.14974047,1789.0,0.062,-0.013,6237.0,1.393,1.194,1712.0
TOI-561 b,TOI-561,Transit,1,2.02,1.397,2319.0,0.0,,,0.843,0.806,4709.0
TOI-561 c,TOI-561,Transit,1,5.93,2.865,802.0,0.023,,,0.843,0.806,67.5
TOI-561 d,TOI-561,Transit,1,13.33,2.615,600.0,0.111,,,0.843,0.806,21.2
TOI-561 e,TOI-561,Transit,1,12.4,2.517,416.0,0.074,,,0.843,0.806,4.89
TOI-5616 b,TOI-5616,Transit,1,624.0,10.78,939.0,0.0,0.14,3996.0,0.646,0.666,137.0
TOI-5634 A b,TOI-5634 A,Transit,1,588.0,10.42,837.0,0.0,-0.27,3896.0,0.54,0.556,77.0
TOI-564 b,TOI-564,Transit,1,464.98529,11.43318,1714.0,0.072,0.143,5640.0,1.088,0.998,1423.0
TOI-5678 b,TOI-5678,Transit,1,20.0,4.91,513.0,0.14,0.0,5485.0,0.938,0.905,
TOI-5688 A b,TOI-5688 A,Transit,1,124.0,10.3,742.0,0.128,0.47,3713.0,0.57,0.6,50.3
TOI-5720 b,TOI-5720,Transit,1,4.3,1.09,708.0,,0.03,3325.0,0.383,0.383,41.7
TOI-5786 b,TOI-5786,Transit,1,73.0,8.54,1040.0,,0.08,6235.0,1.36,1.23,
TOI-5795 b,TOI-5795,Transit,1,23.66,5.62,1136.78,0.25,-0.27,5715.0,1.082,0.901,
TOI-5800 b,TOI-5800,Transit,1,9.5,2.46,1108.0,0.3,-0.04,4850.0,0.773,0.778,
TOI-5817 b,TOI-5817,Transit,1,10.3,3.08,950.0,0.2,-0.24,5770.0,1.427,0.97,
TOI-5882 b,TOI-5882,Transit,1,6995.40323807,11.46678726,1515.0,0.0339,0.18,5920.0,2.26,1.334,
TOI-6008 b,TOI-6008,Transit,1,4.0,1.03,707.0,,0.3,3075.0,0.242,0.23,41.5
TOI-6016 b,TOI-6016,Transit,1,371.85923619,13.67495645,1890.0,0.0,0.28,6110.0,1.51,1.31,940.0
TOI-6034 b,TOI-6034,Transit,1,254.0,11.92,714.0,0.04,-0.09,3635.0,0.489,0.514,43.0
TOI-6038 A b,TOI-6038 A,Transit,1,78.5,6.41,1439.0,,0.124,6110.0,1.648,1.291,716.0
TOI-6130 b,TOI-6130,Transit,1,333.71982735,14.3474953,1750.0,0.036,0.28,6110.0,1.51,1.31,1150.0
TOI-615 b,TOI-615,Transit,1,138.25535705,18.97680433,1666.0,0.39,-0.1,6850.0,1.732,1.449,1286.0
TOI-622 b,TOI-622,Transit,1,96.30200732,9.2362001,1388.0,0.42,0.09,6400.0,1.415,1.313,602.0
TOI-628 b,TOI-628,Transit,1,2011.8639,11.88154,1586.0,0.072,0.258,6250.0,1.345,1.311,
TOI-6324 b,TOI-6324,Transit,1,1.17,1.059,1216.0,0.0,-0.32,3247.0,0.293,0.269,
TOI-6383 A b,TOI-6383 A,Transit,1,331.0,11.29,745.0,0.05,,3444.0,0.457,0.458,51.3
TOI-640 b,TOI-640,Transit,1,181.16219199,19.2794468,1816.0,0.013,0.072,6460.0,2.082,1.536,
TOI-654.01,TOI-654,Transit,1,8.71,2.378,794.0,0.0,0.12,3521.0,0.43,0.419,65.0
TOI-6628 b,TOI-6628,Transit,1,235.19302118,10.98480109,833.0,0.67,0.36,5463.0,1.01,0.97,
TOI-663 b,TOI-663,Transit,1,4.45,2.27,674.0,,0.07,3681.0,0.512,0.514,49.1
TOI-663 c,TOI-663,Transit,1,3.65,2.26,553.0,,0.07,3681.0,0.512,0.514,22.3
TOI-663 d,TOI-663,Transit,1,5.2,1.92,482.0,,0.07,3681.0,0.512,0.514,12.9
TOI-6651 b,TOI-6651,Transit,1,61.0,5.09,1493.0,0.091,0.225,5940.0,1.721,1.323,817.0
TOI-669 b,TOI-669,Transit,1,10.0,2.58606487,1124.85,0.0,0.001,5597.0,0.9882,0.9245,
TOI-6695 b,TOI-6695,Transit,1,66.74396547,9.52763359,599.0,0.04,0.2,6400.0,1.517,1.338,
TOI-674 b,TOI-674,Transit,1,23.6,5.25,635.0,0.0,0.17,3514.0,0.42,0.42,38.4
TOI-6894 b,TOI-6894,Transit,1,53.39517238,9.5836785,417.9,0.029,0.142,3007.0,0.2276,0.207,5.54
TOI-7149 b,TOI-7149,Transit,1,224.0,13.2,593.0,0.078,-0.08,3363.0,0.351,0.344,20.6
TOI-733 b,TOI-733,Transit,1,5.72,1.992,1055.8,0.046,-0.04,5585.0,0.949,0.956,207.1
TOI-757 b,TOI-757,Transit,1,10.5,2.5,641.0,0.39,-0.27,5278.0,0.78,0.8,
TOI-762 A b,TOI-762 A,Transit,1,79.77493016,8.33948164,555.4,0.083,0.357,3266.0,0.425,0.442,
TOI-763 b,TOI-763,Transit,1,9.79,2.28,1038.0,0.04,0.01,5450.0,0.897,0.917,
TOI-763 c,TOI-763,Transit,1,9.32,2.63,800.0,0.04,0.01,5450.0,0.897,0.917,
TOI-771 b,TOI-771,Transit,1,2.47,1.36,543.0,0.055,-0.13,3370.0,0.232,0.22,14.0
TOI-776 b,TOI-776,Transit,1,5.0,1.798,520.0,0.052,-0.21,3725.0,0.547,0.542,
TOI-776 c,TOI-776,Transit,1,6.9,2.047,420.0,0.089,-0.21,3725.0,0.547,0.542,
TOI-778 b,TOI-778,Transit,1,878.0,15.4,1561.0,0.21,0.0,6643.0,1.71,1.4,
TOI-782 b,TOI-782,Transit,1,19.1,2.734,435.0,0.19,0.34,3370.0,0.413,0.397,5.91
TOI-815 b,TOI-815,Transit,1,7.6,2.94,686.0,0.2,-0.09,4869.0,0.77,0.776,36.9
TOI-815 c,TOI-815,Transit,1,23.5,2.62,469.0,0.22,-0.09,4869.0,0.77,0.776,8.03
TOI-824 b,TOI-824,Transit,1,18.467,2.926,1253.0,,-0.092,4600.0,0.695,0.71,412.0
TOI-836 b,TOI-836,Transit,1,4.53,1.704,871.0,0.053,-0.284,4552.0,0.665,0.678,78.838
TOI-836 c,TOI-836,Transit,1,9.6,2.587,665.0,0.078,-0.284,4552.0,0.665,0.678,26.707
TOI-837 b,TOI-837,Transit,1,120.45696625,9.16894621,995.3,,0.01,5995.0,1.052,1.142,164.0
TOI-858 B b,TOI-858 B,Transit,1,349.6112477,14.06727078,1529.0,0.15,0.153,5842.0,1.308,1.081,908.9
TOI-892 b,TOI-892,Transit,1,301.9385,11.99363,1397.0,0.125,0.24,6261.0,1.39,1.28,
TOI-905 b,TOI-905,Transit,1,211.99261,13.125739,1192.0,0.024,0.14,5570.0,0.918,0.968,337.0
TOI-908 b,TOI-908,Transit,1,16.137,3.186,1317.0,0.132,0.08,5626.0,1.028,0.95,80.884
TOI-954 b,TOI-954,Transit,1,55.30242,9.550068,1526.0,0.14,0.215,5710.0,1.892,1.201,1393.0
TOI-969 b,TOI-969,Transit,1,9.1,2.765,941.0,,0.175,4435.0,0.671,0.734,188.0
TYC 8998-760-1 c,TYC 8998-760-1,Imaging,1,1906.98,12.3299,1240.0,,,,,1.0,
TrES-5 b,TrES-5,Transit,1,568.9157,13.383546,1480.0,,0.2,5171.0,0.868,0.901,
VHS J125601.92-125723.9 b,VHS J125601.92-125723.9,Imaging,1,5085.254512,13.67495645,1194.0,0.68,,,,,
WASP-10 b,WASP-10,Transit,1,1001.12,12.106,1370.0,,0.03,4675.0,0.698,0.75,
WASP-102 b,WASP-102,Transit,1,197.68926915,14.90794433,1671.0,0.0,-0.2,5990.0,1.375,1.08,1293.0
WASP-103 b,WASP-103,Transit,1,473.547,17.127,2508.0,,0.06,6110.0,1.436,1.22,
WASP-104 b,WASP-104,Transit,1,404.263,12.745,1516.0,0.0,0.32,5475.0,0.963,1.076,
WASP-105 b,WASP-105,Transit,1,572.094,10.76064,900.0,0.0,0.28,5070.0,0.9,0.89,
WASP-113 b,WASP-113,Transit,1,150.96925,15.793481,1496.0,0.0,0.1,5890.0,1.608,1.318,
WASP-114 b,WASP-114,Transit,1,562.24127,15.008851,2043.0,0.012,0.14,5940.0,1.43,1.289,
WASP-116 b,WASP-116,Transit,1,203.41018048,13.67495645,1414.0,0.0,0.0,6250.0,1.426,1.25,663.0
WASP-118 b,WASP-118,Transit,1,163.36462,16.14096,1729.0,0.0,0.16,6410.0,1.696,1.32,
WASP-119 b,WASP-119,Transit,1,390.9309,15.6926,1600.0,0.058,0.14,5650.0,1.2,1.02,
WASP-120 b,WASP-120,Transit,1,1541.4755,16.510857,1880.0,0.057,-0.05,6450.0,1.87,1.393,
WASP-123 b,WASP-123,Transit,1,285.72917,14.773462,1520.0,0.0,0.18,5740.0,1.285,1.166,
WASP-124 b,WASP-124,Transit,1,190.698,13.89916,1400.0,0.017,-0.02,6050.0,1.02,1.07,
WASP-129 b,WASP-129,Transit,1,317.83,10.42437,1100.0,0.096,0.15,5900.0,0.9,1.0,
WASP-130 b,WASP-130,Transit,1,390.9309,9.97601,833.0,0.0,0.26,5625.0,0.96,1.04,
WASP-132 b,WASP-132,Transit,1,136.0305582,10.09929161,682.0,0.0163,0.15,4686.0,0.758,0.789,58.5
WASP-132 c,WASP-132,Transit,1,6.26,1.841,1329.0,0.0,0.15,4686.0,0.758,0.789,791.0
WASP-133 b,WASP-133,Transit,1,368.6828,13.56289,1790.0,0.17,0.29,5700.0,1.44,1.16,
WASP-136 b,WASP-136,Transit,1,479.9233,15.46842,1742.0,,-0.18,6260.0,2.21,1.41,
WASP-138 b,WASP-138,Transit,1,387.7526,12.21781,1590.0,,-0.09,6272.0,1.36,1.22,
WASP-139 b,WASP-139,Transit,1,37.18611,8.9672,910.0,0.0,0.2,5310.0,0.8,0.92,
WASP-140 b,WASP-140,Transit,1,775.5052,16.14096,1320.0,0.047,0.12,5260.0,0.87,0.9,
WASP-141 b,WASP-141,Transit,1,854.9627,13.56289,1540.0,0.0,0.29,5900.0,1.37,1.25,
WASP-142 b,WASP-142,Transit,1,266.9772,17.14977,2000.0,0.0,0.26,6010.0,1.64,1.33,
WASP-144 b,WASP-144,Transit,1,139.8452,9.52765,1260.0,0.0,0.18,5200.0,0.81,0.81,
WASP-145 A b,WASP-145 A,Transit,1,282.8687,10.0881,1200.0,0.0,-0.04,4900.0,0.68,0.76,
WASP-147 b,WASP-147,Transit,1,87.40325,12.498035,1404.0,0.0,0.092,5702.0,1.429,1.044,
WASP-149 b,WASP-149,Transit,1,314.96795134,15.24421375,1855.0,0.0,0.0,5750.0,1.08,1.05,1966.0
WASP-150 b,WASP-150,Transit,1,2688.8418,11.99363,1460.0,0.3775,0.156,6218.0,1.651,1.394,
WASP-153 b,WASP-153,Transit,1,123.9537,17.37395,1700.0,0.009,0.34,5914.0,1.73,1.336,1400.0
WASP-154 b,WASP-154,Transit,1,198.96058278,10.76062147,994.0,0.0,0.2,4774.0,0.823,0.8,162.0
WASP-155 b,WASP-155,Transit,1,276.8285425,13.45077684,1468.0,0.0,0.0,5660.0,1.24,1.09,771.0
WASP-156 b,WASP-156,Transit,1,41.8,6.02802815,934.5,0.0,0.305,4987.0,0.8268,0.8712,
WASP-158 b,WASP-158,Transit,1,886.7457,11.99363,1590.0,0.0,0.24,6350.0,1.39,1.38,
WASP-159 b,WASP-159,Transit,1,174.8065,15.46842,1850.0,0.0,0.22,6120.0,2.11,1.41,
WASP-160 B b,WASP-160 B,Transit,1,88.35674,12.21781,1119.0,0.0,0.27,5298.0,0.868,0.87,
WASP-161 b,WASP-161,Transit,1,791.3967,12.811887,1557.0,,0.16,6400.0,1.712,1.39,990.0
WASP-162 b,WASP-162,Transit,1,1652.716,11.209,910.0,0.434,0.28,5300.0,1.11,0.95,
WASP-163 b,WASP-163,Transit,1,594.3421,13.473218,1638.0,,-0.34,5500.0,1.015,0.97,1200.0
WASP-164 b,WASP-164,Transit,1,676.9779,12.643752,1610.0,0.0,-0.01,5806.0,0.932,0.946,
WASP-165 b,WASP-165,Transit,1,209.13214,14.12334,1624.0,0.0,0.33,5599.0,1.75,1.248,
WASP-166 b,WASP-166,Transit,1,32.10083,7.06167,1270.0,0.0,0.19,6050.0,1.22,1.19,440.0
WASP-167 b,WASP-167,Transit,1,2542.64,17.71022,2329.0,,0.1,7000.0,1.79,1.59,
WASP-168 b,WASP-168,Transit,1,133.4886,16.8135,1340.0,0.0,-0.01,6000.0,1.12,1.08,
WASP-169 b,WASP-169,Transit,1,178.30263,14.616536,1604.0,0.0,0.06,6110.0,2.011,1.337,
WASP-170 b,WASP-170,Transit,1,508.528,12.285064,1422.0,,0.22,5600.0,0.938,0.93,680.0
WASP-171 b,WASP-171,Transit,1,344.52772,10.98482,1642.0,0.0,0.04,5965.0,1.637,1.171,
WASP-172 b,WASP-172,Transit,1,149.3801,17.59813,1740.0,0.0,-0.1,6900.0,1.91,1.49,
WASP-173 A b,WASP-173 A,Transit,1,1172.7927,13.4508,1880.0,0.0,0.16,5800.0,1.11,1.05,
WASP-174 b,WASP-174,Transit,1,104.88337431,16.10730527,1528.0,0.0,0.06,6399.0,1.347,1.24,901.9
WASP-175 b,WASP-175,Transit,1,314.6517,13.540472,1571.0,0.0,0.15,6229.0,1.204,1.212,
WASP-176 b,WASP-176,Transit,1,271.74465,16.869545,1721.0,0.0,0.164,5941.0,1.925,1.345,
WASP-177 b,WASP-177,Transit,1,161.45764,17.71022,1142.0,,0.25,5017.0,0.885,0.876,
WASP-178 b,WASP-178,Transit,1,527.5978,20.28829,2470.0,0.0,0.21,9360.0,1.67,2.07,
WASP-18 b,WASP-18,Transit,1,3241.8497514,13.89913607,2429.0,0.0051,0.107,6432.0,1.319,1.294,5805.0
WASP-180 A b,WASP-180 A,Transit,1,286.047,13.89916,1540.0,0.0,0.1,6600.0,1.19,1.3,
WASP-181 b,WASP-181,Transit,1,95.03117,13.271456,1186.0,,0.09,5839.0,0.965,1.04,
WASP-182 b,WASP-182,Transit,1,47.03884,9.52765,1479.0,0.0,0.27,5638.0,1.34,1.076,
WASP-183 b,WASP-183,Transit,1,159.55066,16.47723,1111.0,,-0.31,5313.0,0.871,0.784,
WASP-184 b,WASP-184,Transit,1,181.1631,14.90797,1480.0,0.0,0.12,6000.0,1.65,1.23,
WASP-185 b,WASP-185,Transit,1,311.4734,14.01125,1160.0,0.24,-0.02,5900.0,1.5,1.12,
WASP-188 b,WASP-188,Transit,1,458.6263913,14.81827249,1666.0,0.0,0.0,6850.0,1.83,1.5,1278.0
WASP-189 b,WASP-189,Transit,1,632.47852993,18.14733975,3353.0,0.0,0.29,8000.0,2.36,2.03,
WASP-19 b,WASP-19,Transit,1,366.77398168,15.86070769,2113.0,0.0126,0.04,5616.0,1.006,0.965,3320.0
WASP-190 b,WASP-190,Transit,1,317.83,12.89035,1500.0,0.0,-0.02,6400.0,1.6,1.35,
WASP-192 b,WASP-192,Transit,1,731.009,13.78707,1620.0,0.0,0.14,5910.0,1.32,1.09,
WASP-193 b,WASP-193,Transit,1,44.17814857,16.40994774,1254.0,0.056,-0.06,6078.0,1.239,1.059,413.0
WASP-194 b,WASP-194,Transit,1,373.13054982,15.47960235,1693.0,0.0,0.0,6405.0,1.409,1.29,1365.0
WASP-195 b,WASP-195,Transit,1,33.05415433,10.31226224,1522.0,0.0,0.0,6300.0,1.578,1.3,890.0
WASP-197 b,WASP-197,Transit,1,403.32424848,14.44837612,1665.0,0.0,0.0,6050.0,2.112,1.36,1276.0
WASP-2 b,WASP-2,Transit,1,295.89973,12.116929,1311.0,,0.12,5180.0,0.866,0.895,492.0
WASP-20 b,WASP-20,Transit,1,98.841,16.388,1379.0,0.0,-0.008,5940.0,1.392,1.2,
WASP-33 b,WASP-33,Transit,1,665.21819,17.855937,2781.7,,,7430.0,1.444,1.495,
WASP-36 b,WASP-36,Transit,1,750.39663,14.874343,1733.0,,-0.26,5959.0,0.985,1.081,
WASP-39 b,WASP-39,Transit,1,89.31023,14.336311,1166.0,,0.01,5485.0,0.939,0.913,
WASP-42 b,WASP-42,Transit,1,167.49641,12.576498,1021.0,,0.29,5315.0,0.892,0.951,
WASP-44 b,WASP-44,Transit,1,276.5121,12.3299,1337.0,,-0.003,5420.0,0.906,0.935,533.0
WASP-45 b,WASP-45,Transit,1,306.38812,10.603714,1153.0,,-0.03,5150.0,0.855,0.85,294.0
WASP-46 b,WASP-46,Transit,1,607.0553,13.159366,1636.0,,-0.3,5600.0,0.858,0.828,
WASP-5 b,WASP-5,Transit,1,502.15,12.184,1706.0,0.038,0.09,5700.0,1.029,0.96,
WASP-50 b,WASP-50,Transit,1,466.828704,13.069694,1394.84,,,5400.0,0.843,0.892,
WASP-52 b,WASP-52,Transit,1,146.2,14.24,1315.0,0.0,0.03,5000.0,0.79,0.87,
WASP-53 b,WASP-53,Transit,1,677.61356,12.038466,1053.0,0.03,0.22,4953.0,0.798,0.839,
WASP-57 b,WASP-57,Transit,1,204.68252,11.76945,1338.0,,-0.25,5600.0,0.927,0.886,
WASP-59 b,WASP-59,Transit,1,274.276,8.687,670.0,0.1,-0.15,4650.0,0.613,0.719,
WASP-64 b,WASP-64,Transit,1,403.945,14.247,1689.0,0.0,-0.08,5400.0,1.058,1.004,
WASP-65 b,WASP-65,Transit,1,492.62,12.464,1480.0,0.0,-0.07,5600.0,1.01,0.93,
WASP-69 b,WASP-69,Transit,1,82.58,11.21,971.0,0.0,0.35,4792.0,0.801,0.83,
WASP-7 b,WASP-7,Transit,1,305.1168,14.90797,1487.0,,0.0,6400.0,1.432,1.276,
WASP-70 A b,WASP-70 A,Transit,1,187.512,13.047,1387.0,0.0,-0.006,5763.0,1.215,1.106,
WASP-75 b,WASP-75,Transit,1,340.06,14.235,1710.0,0.0,0.07,6100.0,1.26,1.14,
WASP-76 b,WASP-76,Transit,1,284.13859586,20.78145022,2228.0,0.0,0.366,6329.0,1.756,1.458,4104.0
WASP-79 b,WASP-79,Transit,1,270.15414595,17.14974047,1716.2,0.0,0.03,6600.0,1.51,1.39,
WASP-80 b,WASP-80,Transit,1,170.99254,11.197791,825.0,0.002,-0.13,4143.0,0.586,0.577,
WASP-81 b,WASP-81,Transit,1,231.69807,16.017661,1623.0,0.066,-0.36,5870.0,1.283,1.08,
WASP-83 b,WASP-83,Transit,1,95.349,11.65736,1120.0,0.0,0.29,5510.0,1.05,1.11,
WASP-84 b,WASP-84,Transit,1,220.0,10.72,732.0,,,,0.768,0.853,
WASP-84 c,WASP-84,Transit,1,15.2,1.95,1329.0,,,,0.768,0.853,
WASP-89 b,WASP-89,Transit,1,1875.197,11.65736,1120.0,0.193,0.15,5130.0,0.88,0.92,
WASP-90 b,WASP-90,Transit,1,200.2329,18.27067,1840.0,0.0,0.11,6430.0,1.98,1.55,
WASP-91 b,WASP-91,Transit,1,425.8922,11.54527,1160.0,0.0,0.19,4920.0,0.86,0.84,
WASP-92 b,WASP-92,Transit,1,255.85315,16.376349,1871.0,0.0,0.0,6280.0,1.341,1.19,
WASP-93 b,WASP-93,Transit,1,467.2101,17.900773,1942.0,0.0,0.07,6700.0,1.524,1.334,
WASP-96 b,WASP-96,Transit,1,152.55,13.45,1285.0,0.0,0.14,5540.0,1.05,1.06,
WASP-98 b,WASP-98,Transit,1,293.03926,12.823096,1171.0,,-0.49,5473.0,0.741,0.809,
WD 1856+534 b,WD 1856+534,Transit,1,4386.054,10.4,163.0,0.0,,4710.0,0.0131,0.518,0.181
WISEP J121756.91+162640.2 A b,WISEP J121756.91+162640.2 A,Imaging,1,6992.0,10.468,450.0,,,575.0,0.091,0.029,
WTS-1 b,WTS-1,Transit,1,1274.44,16.7,1500.0,0.1,-0.5,6250.0,1.15,1.2,
WTS-2 b,WTS-2,Transit,1,355.9696,15.277867,2000.0,0.0,0.2,5000.0,0.752,0.82,
Wendelstein-1 b,Wendelstein-1,Transit,1,188.15536,11.5609626,2198.0,0.012,,4251.0,0.61,0.65,
Wendelstein-2 b,Wendelstein-2,Transit,1,232.33373,12.9934728,2470.0,0.057,,4591.0,0.66,0.73,
Wolf 327 b,Wolf 327,Transit,1,2.53,1.24,996.0,0.0,-0.17,3542.0,0.406,0.405,233.9
Wolf 503 b,Wolf 503,Transit,1,6.27,2.043,789.0,0.409,-0.47,4716.0,0.689,0.688,64.7
XO-5 b,XO-5,Transit,1,378.2,12.78,1230.0,0.0,0.05,5430.0,1.13,1.04,
XO-6 b,XO-6,Transit,1,1398.452,23.20263,1577.0,0.0,-0.07,6720.0,1.93,1.47,
XO-7 b,XO-7,Transit,1,225.34147,15.389957,1743.0,0.038,0.432,6250.0,1.48,1.405,1540.0
