"pl_name","WRI_weighted","WRI_temp_only","WRI_difference"
"BD+60 1417 b",0.444157768638544,0.300180877894683,0.143976890743861
"BD-14 3065 b",0.508194639758956,0.478001681400148,0.030192958358808
"CFHTWIR-Oph 98 b",0.433270756099734,0.426795404172929,0.00647535192680498
"CT Cha b",0.638716376179486,0.630601482689221,0.00811489349026495
"CoRoT-1 b",0.358030566452942,0.451761648791175,-0.093731082338233
"CoRoT-10 b",0.181891748652418,0.121086286398492,0.060805462253926
"CoRoT-11 b",0.347322215008238,0.390365067638142,-0.043042852629904
"CoRoT-12 b",0.270418532086283,0.335592184036889,-0.065173651950606
"CoRoT-13 b",0.350893474529009,0.401319644358393,-0.050426169829384
"CoRoT-14 b",0.507979648029859,0.465518559091025,0.0424610889388339
"CoRoT-17 b",0.362339192814284,0.382467582095636,-0.020128389281352
"CoRoT-18 b",0.354470093447348,0.363106004636588,-0.00863591118924001
"CoRoT-19 b",0.384471196163099,0.477746923802002,-0.093275727638903
"CoRoT-22 b",0.128114439023479,0.193692201869921,-0.065577762846442
"CoRoT-23 b",0.375555114266226,0.391129340432578,-0.015574226166352
"CoRoT-24 b",0.157724658685405,0.240822357526813,-0.083097698841408
"CoRoT-24 c",0.133005706739571,0.184775685934833,-0.051769979195262
"CoRoT-25 b",0.226635491011849,0.307059333044608,-0.080423842032759
"CoRoT-26 b",0.287940867745794,0.375843884543856,-0.087903016798062
"CoRoT-27 b",0.468397073992497,0.35036812472932,0.118028949263177
"CoRoT-32 b",0.154645801673161,0.207194354571625,-0.052548552898464
"CoRoT-35 b",0.328144085899158,0.413293251471225,-0.085149165572067
"CoRoT-36 b",0.285772270408055,0.367436883805059,-0.081664613397004
"CoRoT-4 b",0.200257451844141,0.241841387919395,-0.041583936075254
"CoRoT-5 b",0.25291985977898,0.334573153644307,-0.081653293865327
"CoRoT-6 b",0.252491631164272,0.227320204825109,0.025171426339163
"CoRoT-9 b",0.0867694251126141,0.0752299187323262,0.0115395063802879
"EPIC 201595106 b",0.353889194447292,0.487427712531526,-0.133538518084234
"EPIC 220674823 b",0.401457955640338,0.553919445647466,-0.152461490007128
"EPIC 220674823 c",0.11354134731422,0.173056836420146,-0.059515489105926
"EPIC 229004835 b",0.121266071339173,0.173056836420146,-0.051790765080973
"EPIC 246851721 b",0.331624152762915,0.325147122512929,0.00647703024998603
"EPIC 248847494 b",0.238767912167769,0.0148523679718747,0.223915544195894
"EPIC 249893012 b",0.273107356655107,0.379920006114182,-0.106812649459075
"EPIC 249893012 c",0.153887612228739,0.220441749675184,-0.066554137446445
"EPIC 249893012 d",0.103740642572081,0.159809441316587,-0.056068798744506
"G 9-40 b",0.0437649410950407,0.0804779252541207,-0.03671298415908
"GJ 1132 b",0.0678857086912179,0.116959213308537,-0.0490735046173191
"GJ 1214 b",0.0715628279281981,0.112679285659695,-0.0411164577314969
"GJ 143 b",0.0624791639121451,0.0757394339286169,-0.0132602700164718
"GJ 3090 b",0.0877714041205008,0.144778743026011,-0.0570073389055102
"GJ 3470 b",0.0761308707896684,0.119430362010547,-0.0432994912208786
"GJ 3473 b",0.102618647269529,0.16515935087764,-0.062540703608111
"GJ 367 b",0.210056845040004,0.315975848979696,-0.105919003939692
"GJ 3929 b",0.0655316918076842,0.11293404325784,-0.0474023514501558
"GJ 414 A b",0.0225933227085496,0.0468499222989325,-0.0242565995903829
"GJ 414 A c",0,0,0
"GJ 486 b",0.0922761277975117,0.14561944309989,-0.0533433153023783
"GJ 806 b",0.133402683165559,0.207703869767916,-0.074301186602357
"GJ 9827 b",0.159285359842602,0.231908389167707,-0.072623029325105
"GJ 9827 c",0.093298680911225,0.150622882327465,-0.05732420141624
"GJ 9827 d",0.0842033301077276,0.140193106259394,-0.0559897761516664
"GPX-1 b",0.651262936348968,0.554174203245612,0.0970887331033561
"GQ Lup b",0.63277036982559,0.643339362596489,-0.0105689927708991
"GU Psc b",0.36644337246375,0.235727205563906,0.130716166899844
"Gliese 12 b",0.0315822448165479,0.0483784678878048,-0.0167962230712569
"HAT-P-1 b",0.235198885287806,0.305021272259445,-0.069822386971639
"HAT-P-12 b",0.155827408737094,0.213563294525259,-0.057735885788165
"HAT-P-16 b",0.382219877361846,0.382467582095636,-0.000247704733790044
"HAT-P-18 b",0.133267732369925,0.185285201131124,-0.052017468761199
"HAT-P-19 b",0.163460136704402,0.218199882811505,-0.054739746107103
"HAT-P-20 b",0.345082615764621,0.215346597712277,0.129736018052344
"HAT-P-23 b",0.418641044971761,0.492013349298143,-0.073372304326382
"HAT-P-25 b",0.215039560531354,0.269355208519094,-0.05431564798774
"HAT-P-28 b",0.253521794631593,0.320816243344458,-0.067294448712865
"HAT-P-32 b",0.32753533345313,0.435890250426719,-0.108354916973589
"HAT-P-36 b",0.364831090741077,0.421947367080223,-0.057116276339146
"HAT-P-37 b",0.253811360678347,0.292028634754032,-0.038217274075685
"HAT-P-38 b",0.185727651773281,0.243879448704558,-0.058151796931277
"HAT-P-39 b",0.314350920959554,0.414567039461952,-0.100216118502398
"HAT-P-4 b",0.310381449395358,0.397753037984358,-0.087371588589
"HAT-P-42 b",0.275907907960938,0.332025577662854,-0.056117669701916
"HAT-P-44 b",0.187715965687684,0.250503146256337,-0.062787180568653
"HAT-P-45 b",0.309037592725991,0.389091279647415,-0.080053686921424
"HAT-P-46 b",0.259700125270668,0.339668305607215,-0.079968180336547
"HAT-P-50 b",0.366138353883335,0.442590375257942,-0.076452021374607
"HAT-P-51 b",0.196824004336658,0.265839553664688,-0.06901554932803
"HAT-P-52 b",0.236593070804408,0.278526482052327,-0.041933411247919
"HAT-P-53 b",0.353339349185918,0.421190737013731,-0.067851387827813
"HAT-P-54 b",0.161772798534821,0.176623442794181,-0.01485064425936
"HAT-P-55 b",0.246669309803141,0.316485364175987,-0.069816054372846
"HAT-P-58 b",0.283275659785407,0.381448551703055,-0.0981728919176481
"HAT-P-59 b",0.268571218739241,0.29376098642142,-0.025189767682179
"HAT-P-60 b",0.316216588847669,0.419662191424859,-0.10344560257719
"HAT-P-61 b",0.304360860108268,0.351641912720047,-0.047281052611779
"HAT-P-62 b",0.286921039652729,0.353425215907064,-0.066504176254335
"HAT-P-63 b",0.227816348464372,0.283366876417089,-0.055550527952717
"HAT-P-64 b",0.314354201269327,0.418133645835987,-0.10377944456666
"HAT-P-65 b",0.324272365793562,0.431381040939546,-0.107108675145984
"HAT-P-66 b",0.347682224418281,0.451252133594884,-0.103569909176603
"HAT-P-67 b",0.326094222146862,0.453035436781902,-0.12694121463504
"HAT-P-68 b",0.195049838652885,0.230071586885079,-0.035021748232194
"HAT-P-69 b",0.41243696341025,0.459913891931827,-0.047476928521577
"HAT-P-70 b",0.564324964004204,0.620920693959697,-0.056595729955493
"HAT-P-9 b",0.283722187826525,0.360558428655135,-0.07683624082861
"HATS-1 b",0.285399358911168,0.314447303390824,-0.029047944479656
"HATS-10 b",0.259243642083694,0.326675668101801,-0.067432026018107
"HATS-13 b",0.223616831968559,0.285150179604107,-0.061533347635548
"HATS-14 b",0.256257573456623,0.293302422744758,-0.037044849288135
"HATS-15 b",0.328719931088008,0.351641912720047,-0.022921981632039
"HATS-16 b",0.359091766415296,0.373805823758694,-0.014714057343398
"HATS-17 b",0.193248571978295,0.1756044124016,0.017644159576695
"HATS-18 b",0.419965686169001,0.495447481721142,-0.075481795552141
"HATS-2 b",0.314247271094487,0.363106004636588,-0.048858733542101
"HATS-22 b",0.230934744547403,0.186813746719996,0.044120997827407
"HATS-23 b",0.31692469689206,0.389600794843706,-0.072676097951646
"HATS-24 b",0.441984756816501,0.520036685094133,-0.078051928277632
"HATS-25 b",0.231932570563915,0.293557180342904,-0.061624609778989
"HATS-26 b",0.344687987427376,0.456856800754082,-0.112168813326706
"HATS-27 b",0.295237223665521,0.390874582834433,-0.095637359168912
"HATS-28 b",0.231518352693662,0.287442997987415,-0.055924645293753
"HATS-29 b",0.221732259756812,0.276997936463455,-0.055265676706643
"HATS-3 b",0.315196135763164,0.388072249254834,-0.07287611349167
"HATS-30 b",0.263466693204326,0.328458971288819,-0.064992278084493
"HATS-31 b",0.336429729189411,0.432654828930273,-0.096225099740862
"HATS-32 b",0.274140615737302,0.334318396046162,-0.06017778030886
"HATS-33 b",0.282364390258983,0.332280335260999,-0.049915945002016
"HATS-34 b",0.271993042809805,0.336356456831325,-0.06436341402152
"HATS-35 b",0.390275427146003,0.487172954933381,-0.096897527787378
"HATS-37 A b",0.173641767469178,0.244643721498994,-0.071001954029816
"HATS-38 b",0.208220644757593,0.297888059511375,-0.089667414753782
"HATS-39 b",0.29562347851444,0.387307976460398,-0.091684497945958
"HATS-4 b",0.27307146304787,0.303237969072428,-0.030166506024558
"HATS-40 b",0.409085573299424,0.503477441214684,-0.0943918679152599
"HATS-41 b",0.467141396731331,0.403867220339847,0.063274176391484
"HATS-42 b",0.375391933125654,0.44106182966907,-0.065669896543416
"HATS-43 b",0.163367354787057,0.223753598451074,-0.060386243664017
"HATS-44 b",0.212396536513565,0.264005298958041,-0.051608762444476
"HATS-45 b",0.279975288542733,0.354953761495937,-0.074978472953204
"HATS-46 b",0.170391787210266,0.236746235956487,-0.066354448746221
"HATS-47 b",0.143409624896877,0.185514482969455,-0.042104858072578
"HATS-48 A b",0.160604422162249,0.211423330700838,-0.050818908538589
"HATS-49 b",0.148156663889858,0.180903370443023,-0.032746706553165
"HATS-5 b",0.170527347798356,0.229358265610272,-0.058830917811916
"HATS-51 b",0.286510829835996,0.363870277431024,-0.077359447595028
"HATS-52 b",0.380092128985821,0.435457162509872,-0.055365033524051
"HATS-53 b",0.23605865334259,0.302473696277991,-0.066415042935401
"HATS-54 b",0.272932029718393,0.332280335260999,-0.059348305542606
"HATS-55 b",0.261068180963307,0.316485364175987,-0.05541718321268
"HATS-56 b",0.340763855201067,0.452780679183757,-0.11201682398269
"HATS-57 b",0.331754825797551,0.328306116729931,0.00344870906762001
"HATS-58 A b",0.33573311095775,0.406669553919446,-0.070936442961696
"HATS-59 b",0.215593396034863,0.255598298219244,-0.040004902184381
"HATS-6 b",0.116570566263477,0.149822943469289,-0.033252377205812
"HATS-60 b",0.283390847523815,0.35750133747739,-0.074110489953575
"HATS-61 b",0.29868084809248,0.280590018597305,0.018090829495175
"HATS-62 b",0.202526390844598,0.283366876417089,-0.080840485572491
"HATS-63 b",0.269514264159552,0.324459276997936,-0.054945012838384
"HATS-64 b",0.332648972064839,0.425012100985912,-0.092363128921073
"HATS-65 b",0.301730350431612,0.384505642880799,-0.082775292449187
"HATS-66 b",0.462330798905104,0.477237408605712,-0.014906609700608
"HATS-67 b",0.420429923180076,0.526915140244058,-0.106485217063982
"HATS-68 b",0.34354303346523,0.411764705882353,-0.068221672417123
"HATS-69 b",0.241931086293937,0.298321147428222,-0.056390061134285
"HATS-7 b",0.177910839761913,0.244388963900848,-0.066478124138935
"HATS-70 b",0.684560575801773,0.663719970448119,0.020840605353654
"HATS-71 b",0.0958184216876996,0.117723486102973,-0.0219050644152734
"HATS-72 b",0.110101810008325,0.156574019820141,-0.046472209811816
"HATS-74 A b",0.198654124800704,0.196265253611189,0.002388871189515
"HATS-75 b",0.1415484301928,0.164981020558938,-0.023432590366138
"HATS-76 b",0.235647772555476,0.207652918248287,0.027994854307189
"HATS-77 b",0.178170599509656,0.179247446055079,-0.001076846545423
"HATS-8 b",0.217663738964778,0.305530787455736,-0.087867048490958
"HD 106315 b",0.188710818923216,0.261967238172878,-0.073256419249662
"HD 106315 c",0.13252170349504,0.193946959468066,-0.061425255973026
"HD 110067 b",0.113018721527544,0.172037806027565,-0.059019084500021
"HD 110067 c",0.0943517429745516,0.146307288614883,-0.0519555456403314
"HD 110067 d",0.0776805184967851,0.121595801594783,-0.0439152830979979
"HD 110067 e",0.0604789063968,0.104017527322752,-0.043538620925952
"HD 110067 f",0.0516888812882602,0.0928081930043563,-0.0411193117160961
"HD 110067 g",0.048518356597622,0.0803250706952335,-0.0318067140976115
"HD 110113 b",0.217799881852978,0.317504394568568,-0.09970451271559
"HD 118203 b",0.299433673935076,0.314956818587114,-0.015523144652038
"HD 135344 A b",0.437950941430374,0.372022520571676,0.065928420858698
"HD 136352 b",0.134115132127663,0.198787353832828,-0.064672221705165
"HD 136352 c",0.0951270896570041,0.140702621455685,-0.0455755317986809
"HD 136352 d",0.0477534937899795,0.0780322523119252,-0.0302787585219457
"HD 137496 b",0.364277308541949,0.5108654115609,-0.146588103018951
"HD 1397 b",0.218144534493797,0.281150485313224,-0.063005950819427
"HD 183579 b",0.115685869312251,0.159809441316587,-0.044123572004336
"HD 191939 b",0.129200331260476,0.192418413879194,-0.063218082618718
"HD 191939 c",0.0750988531619368,0.121086286398492,-0.0459874332365552
"HD 191939 d",0.0549182895571982,0.10580083050977,-0.0508825409525718
"HD 202772 A b",0.400121440433442,0.511374926757191,-0.111253486323749
"HD 203030 b",0.359223690655964,0.233179629582452,0.126044061073512
"HD 20329 b",0.370663765705714,0.513667745140499,-0.143003979434785
"HD 206893 b",0.572695355888486,0.332331286780628,0.240364069107858
"HD 206893 c",0.387729529036973,0.26932973275928,0.118399796277693
"HD 207496 b",0.102941414389135,0.157516622933279,-0.054575208544144
"HD 207897 b",0.0858842882142934,0.116436960232339,-0.0305526720180456
"HD 213885 b",0.370898752945095,0.510355896364609,-0.139457143419514
"HD 21520 b",0.0966755866888901,0.13051231752987,-0.0338367308409799
"HD 21749 c",0.1047258429219,0.146816803811174,-0.042090960889274
"HD 219134 b",0.155257727048575,0.226810689628818,-0.071552962580243
"HD 219134 c",0.111588408601887,0.167452169260948,-0.055863760659061
"HD 219134 d",0.0657242159281399,0.0728097215499452,-0.00708550562180529
"HD 219134 f",0.0744432065921729,0.101368048302041,-0.0269248417098681
"HD 219666 b",0.168306563255107,0.242350903115685,-0.074044339860578
"HD 22946 d",0.0893026551804691,0.107329376098642,-0.0180267209181729
"HD 23472 b",0.0717363724199135,0.106565103304206,-0.0348287308842925
"HD 23472 c",0.0471865294387385,0.0872035258451583,-0.0400169964064198
"HD 23472 d",0.12316912368858,0.19980638422541,-0.07663726053683
"HD 23472 e",0.0896690712401889,0.152421470970372,-0.0627523997301831
"HD 23472 f",0.0699872287626283,0.128729014342853,-0.0587417855802247
"HD 25463 b",0.190793593453014,0.273548518584567,-0.082754925131553
"HD 25463 c",0.262937281926846,0.372167732402619,-0.109230450475773
"HD 260655 b",0.0923048165836678,0.148854864596337,-0.0565500480126692
"HD 260655 c",0.0652584789260464,0.110131709678241,-0.0448732307521946
"HD 2685 b",0.39381334003646,0.49328713728887,-0.09947379725241
"HD 28109 b",0.147811171801651,0.192724122996968,-0.044912951195317
"HD 28109 c",0.0691627210342278,0.11731587394594,-0.0481531529117122
"HD 28109 d",0.053842034913538,0.0972664509719002,-0.0434244160583622
"HD 3167 b",0.296812096234792,0.42017170662115,-0.123359610386358
"HD 3167 c",0.0734814245113417,0.111915012865259,-0.0384335883539173
"HD 332231 b",0.130338348053274,0.171604718110718,-0.041266370057444
"HD 35843 c",0.0605320598715411,0.0902606170229027,-0.0297285571513616
"HD 42813 b",0.0974577697629003,0.150638167783354,-0.0531803980204537
"HD 5278 b",0.142222585587836,0.208468142562352,-0.066245556974516
"HD 6061 b",0.170577919093238,0.242175120372965,-0.071597201279727
"HD 63433 b",0.168491481425562,0.19405905281125,-0.025567571385688
"HD 63433 c",0.0942927527098083,0.126769928413115,-0.0324771757033067
"HD 63935 b",0.121799025794098,0.178462792652791,-0.056663766858693
"HD 63935 c",0.0834956714817263,0.12607698774616,-0.0425813162644337
"HD 73344 b",0.137932528449046,0.2003158994217,-0.062383370972654
"HD 73583 b",0.101302805164461,0.150128652587063,-0.048825847422602
"HD 73583 c",0.0627018063146787,0.0951010113876646,-0.0323992050729859
"HD 77946 b",0.179058709957973,0.255817389753649,-0.076758679795676
"HD 80653 b",0.427842294221584,0.595699691743306,-0.167857397521722
"HD 86226 c",0.211705660597413,0.302218938679846,-0.090513278082433
"HD 88986 b",0.0648029511148192,0.0854202226581408,-0.0206172715433216
"HD 89345 b",0.174687518870338,0.245662751891575,-0.070975233021237
"HD 93963 A b",0.304410578499009,0.437553817542608,-0.133143239043599
"HD 93963 A c",0.201825160809447,0.27711257738262,-0.075287416573173
"HD 95338 b",0.0602042353232101,0.0663134027972384,-0.00610916747402829
"HD 97658 b",0.109506312806614,0.159554683718442,-0.050048370911828
"HIP 116454 b",0.109772610465123,0.160115150434362,-0.050342539969239
"HIP 29442 c",0.175203608059554,0.254324510228518,-0.079120902168964
"HIP 29442 d",0.139318409818185,0.202608717805009,-0.063290307986824
"HIP 65 A b",0.299957443222253,0.327694698494383,-0.02773725527213
"HIP 65426 b",0.408425036237,0.35036812472932,0.05805691150768
"HIP 8152 b",0.115907922088343,0.170753827732912,-0.054845905644569
"HIP 8152 c",0.0917751178984416,0.133997401472499,-0.0422222835740574
"HIP 94235 b",0.311847680686259,0.23827478154536,0.073572899140899
"HIP 9618 b",0.0810552867643912,0.131500777010674,-0.0504454902462828
"HIP 9618 c",0.048637953126735,0.0880467734950195,-0.0394088203682845
"HIP 97166 b",0.112107511426854,0.14698494382595,-0.034877432399096
"HR 858 b",0.249193375844535,0.363615519832879,-0.114422143988344
"HR 858 c",0.204704097027893,0.301709423483555,-0.097005326455662
"HR 858 d",0.165966112740064,0.238529539143505,-0.072563426403441
"HR 8799 e",0.380216181071309,0.261202965378442,0.119013215692867
"K2-100 b",0.318013738114757,0.437240465696889,-0.119226727582132
"K2-110 b",0.0956454401937796,0.130767075128016,-0.0351216349342364
"K2-111 b",0.210340150539572,0.301709423483555,-0.091369272943983
"K2-114 b",0.183374213142579,0.146918706850432,0.036455506292147
"K2-115 b",0.145312617200108,0.145543015820447,-0.000230398620339023
"K2-12 b",0.152879376698413,0.229613023208417,-0.076733646510004
"K2-131 b",0.38733536366004,0.534557868188419,-0.147222504528379
"K2-136 b",0.0871500148079967,0.123633862379945,-0.0364838475719483
"K2-136 c",0.0638108702217061,0.0879677986395944,-0.0241569284178883
"K2-136 d",0.0391361894684119,0.0752299187323262,-0.0360937292639143
"K2-140 b",0.186977601564357,0.213308536927114,-0.026330935362757
"K2-141 b",0.359776994754596,0.503986956410975,-0.144209961656379
"K2-141 c",0.0852291850535766,0.145288258222301,-0.0600590731687244
"K2-157 b",0.410862195063695,0.5878022062008,-0.176940011137105
"K2-18 b",0.0216811423513389,0.0405828853845566,-0.0189017430332177
"K2-180 b",0.120568840773081,0.171400912032201,-0.05083207125912
"K2-182 b",0.161281428209563,0.214276615800066,-0.052995187590503
"K2-199 b",0.140379815236687,0.200825414617991,-0.060445599381304
"K2-199 c",0.100134276463176,0.145033500624156,-0.04489922416098
"K2-216 b",0.177983802644226,0.24922935826561,-0.071245555621384
"K2-222 b",0.130928766937948,0.190125595495886,-0.059196828557938
"K2-232 b",0.180770979659877,0.230632053600999,-0.049861073941122
"K2-233 b",0.170742715294373,0.255343540621099,-0.084600825326726
"K2-233 c",0.117581452933924,0.170509260438693,-0.052927807504769
"K2-233 d",0.0688521570092138,0.101979466537589,-0.0331273095283752
"K2-237 b",0.343255394221864,0.41635034264897,-0.073094948427106
"K2-238 b",0.298655010349019,0.372532035767967,-0.073877025418948
"K2-25 b",0.071289982805742,0.0940819809950832,-0.0227919981893412
"K2-260 b",0.408566137394335,0.500675107635085,-0.09210897024075
"K2-261 b",0.172783655595125,0.232160599189871,-0.059376943594746
"K2-263 b",0.0645826231370226,0.0879677986395944,-0.0233851755025718
"K2-265 b",0.226080865604176,0.316230606577841,-0.090149740973665
"K2-266 b",0.24963271558626,0.354189488701501,-0.104556773115241
"K2-266 c",0.0740667415888848,0.137518151478868,-0.0634514098899832
"K2-266 d",0.0659970799953407,0.105367742592923,-0.0393706625975823
"K2-266 e",0.065171998193586,0.0930884263623163,-0.0279164281687303
"K2-27 b",0.146550762206146,0.198023081038392,-0.051472318832246
"K2-280 b",0.119088767664571,0.168725957251675,-0.049637189587104
"K2-285 b",0.171602964397134,0.245637276131761,-0.074034311734627
"K2-285 c",0.109134352632258,0.157109010776246,-0.047974658143988
"K2-285 d",0.0794916846613973,0.126155962601585,-0.0466642779401877
"K2-285 e",0.0685935903662506,0.0958398084222862,-0.0272462180560356
"K2-287 b",0.137030313034864,0.173056836420146,-0.036026523385282
"K2-29 b",0.21876635255816,0.266552874939495,-0.047786522381335
"K2-290 b",0.197106064690769,0.281583573230072,-0.084477508539303
"K2-290 c",0.133717815869695,0.14044786385754,-0.00673004798784499
"K2-292 b",0.133589191596102,0.170764018036838,-0.037174826440736
"K2-295 b",0.146070430160852,0.185285201131124,-0.039214770970272
"K2-3 b",0.0567629481739194,0.0959417114615443,-0.0391787632876249
"K2-3 c",0.0288606396714046,0.0629506025017196,-0.034089962830315
"K2-3 d",0.0154130631777549,0.0459837464652383,-0.0305706832874834
"K2-30 b",0.20123040379549,0.246427024686011,-0.045196620890521
"K2-32 b",0.120619154986747,0.181463837158943,-0.060844682172196
"K2-32 c",0.0818195129368853,0.129748044735434,-0.0479285317985487
"K2-32 d",0.0628802947049645,0.108348406491224,-0.0454681117862595
"K2-32 e",0.158972688750899,0.239803327134232,-0.080830638383333
"K2-329 b",0.105995455272904,0.13382416630576,-0.027828711032856
"K2-36 b",0.214105382191405,0.306549817848317,-0.092444435656912
"K2-36 c",0.122306251539941,0.185794716327414,-0.063488464787473
"K2-38 b",0.217037977782326,0.301964181081701,-0.084926203299375
"K2-38 c",0.142427985975782,0.209996688151224,-0.067568702175442
"K2-415 b",0.0623980069200685,0.0732937609864214,-0.0108957540663529
"K2-416 b",0.457776948075609,0.082108373882251,0.375668574193358
"K2-417 b",0.270180638625238,0.110386467276386,0.159794171348852
"K2-419 A b",0.0727543089844896,0.0642753420120755,0.0084789669724141
"K2-60 b",0.262150893408143,0.324892364914784,-0.062741471506641
"K2-66 b",0.23939351040846,0.317759152166713,-0.078365641758253
"K2-79 b",0.152518225987586,0.228593992815836,-0.07607576682825
"K2-97 b",0.284213654546546,0.367182126206914,-0.082968471660368
"K2-98 b",0.198749762829342,0.27011948131353,-0.071369718484188
"K2-99 b",0.230666179316033,0.269864723715385,-0.039198544399352
"KELT-10 b",0.250507645823995,0.31903294015744,-0.068525294333445
"KELT-11 b",0.289396128617497,0.404376735536137,-0.11498060691864
"KELT-12 b",0.331983253487456,0.426795404172929,-0.094812150685473
"KELT-14 b",0.373505452189237,0.470104195857641,-0.096598743668404
"KELT-16 b",0.504843203008269,0.593152115761853,-0.088308912753584
"KELT-17 b",0.400610614790932,0.499910834840649,-0.099300220049717
"KELT-18 b",0.395629455224427,0.499401319644358,-0.103771864419931
"KELT-19 A b",0.413200249960288,0.461187679922554,-0.047987429962266
"KELT-20 b",0.469132824374213,0.544493414516088,-0.075360590141875
"KELT-21 b",0.443381237906302,0.490739561307416,-0.047358323401114
"KELT-23 A b",0.296008553200998,0.365908338216187,-0.069899785015189
"KELT-24 b",0.354605765258353,0.322599546531475,0.032006218726878
"KELT-4 A b",0.336128156070574,0.432654828930273,-0.096526672859699
"KELT-9 b",0.790305993868043,1,-0.209694006131957
"KOI-1257 b",0.131114644482689,0.0984128601635544,0.0327017843191346
"KOI-13 b",0.606398973261145,0.617863602781953,-0.011464629520808
"KOI-134 b",0.140567573737502,0.136116984689068,0.00445058904843401
"KOI-1831 d",0.0503374135310395,0.0892415866303212,-0.0389041730992817
"KOI-1833 d",0.0848420177008626,0.124398135174382,-0.0395561174735194
"KOI-3503 b",0.131321928190481,0.168216442055384,-0.036894513864903
"KOI-3503 c",0.115288362918289,0.142995439838993,-0.027707076920704
"KOI-3680 b",0.11243084341396,0.0566326140677145,0.0557982293462455
"KOI-4777.01",1,0.268845693322803,0.731154306677197
"KOI-94 b",0.254831155742222,0.346801518355285,-0.091970362613063
"KOI-94 c",0.156475342072005,0.226046416834382,-0.069571074762377
"KOI-94 d",0.134765382478107,0.173566351616437,-0.03880096913833
"KOI-94 e",0.0824950181164788,0.117010164828166,-0.0345151467116872
"KPS-1 b",0.291426494787139,0.33992306320536,-0.048496568418221
"Kepler-10 b",0.370517883462461,0.525641352253331,-0.15512346879087
"Kepler-10 c",0.0804611293175969,0.115736376837439,-0.0352752475198421
"Kepler-101 b",0.265476564689552,0.35367997350521,-0.088203408815658
"Kepler-101 c",0.230425748742495,0.328204213690673,-0.097778464948178
"Kepler-102 b",0.131954566212439,0.186558989121851,-0.054604422909412
"Kepler-102 c",0.118015831014926,0.166178381270221,-0.048162550255295
"Kepler-102 d",0.0930278390948299,0.142995439838993,-0.0499676007441631
"Kepler-102 e",0.0718221813375922,0.118538710417038,-0.0467165290794458
"Kepler-102 f",0.070462756398305,0.0943367385932285,-0.0238739821949235
"Kepler-103 b",0.146011438135824,0.216110870506713,-0.070099432370889
"Kepler-103 c",0.0593801434850782,0.0787965251063613,-0.0194163816212831
"Kepler-107 b",0.260658807174271,0.373805823758694,-0.113147016584423
"Kepler-107 c",0.235343592869594,0.319287697755586,-0.083944104885992
"Kepler-107 d",0.212413634625766,0.267062390135786,-0.05464875551002
"Kepler-107 e",0.150546687220642,0.211525233740096,-0.060978546519454
"Kepler-109 b",0.198648409350685,0.293302422744758,-0.094654013394073
"Kepler-109 c",0.126116360586596,0.187068504318141,-0.060952143731545
"Kepler-111 c",0.0871669388369856,0.0579573535780705,0.0292095852589151
"Kepler-117 b",0.151498098456245,0.218913204086312,-0.067415105630067
"Kepler-117 c",0.170950853664293,0.14758107660561,0.023369777058683
"Kepler-12 b",0.254307301366281,0.345272972766413,-0.090965671400132
"Kepler-138 b",0.0294768651131568,0.0833821618729778,-0.053905296759821
"Kepler-138 c",0.0350063118393216,0.0726823427508725,-0.0376760309115509
"Kepler-138 d",0.0220431265628402,0.0561230988714238,-0.0340799723085836
"Kepler-1514 b",0.180796685992914,0.0670521998318599,0.113744486161054
"Kepler-1654 b",0.0387388062643178,0.0207117927292181,0.0180270135350997
"Kepler-1655 b",0.138060477093309,0.207194354571625,-0.069133877478316
"Kepler-1661 b",0.0159589334850609,0.0301378238605966,-0.0141788903755357
"Kepler-167 e",0.0465168781404956,0.00247114870201,0.0440457294384856
"Kepler-17 b",0.338160775131899,0.368201156599496,-0.030040381467597
"Kepler-1704 b",0.139776084886061,0.0328892059205665,0.106886878965494
"Kepler-1876 b",0.209926718499962,0.299161847502102,-0.08923512900214
"Kepler-19 b",0.123328843843715,0.185030443532978,-0.061701599689263
"Kepler-20 b",0.196757075491778,0.270628996509821,-0.073871921018043
"Kepler-20 c",0.123222862784077,0.179171018775635,-0.055948155991558
"Kepler-20 d",0.0537055783177394,0.0777774947137798,-0.0240719163960404
"Kepler-20 e",0.142470875469003,0.224008356049219,-0.081537480580216
"Kepler-20 f",0.0860541379807782,0.141721651848266,-0.0556675138674878
"Kepler-21 b",0.348269469983105,0.481568287774183,-0.133298817791078
"Kepler-22 b",0.0230567782878661,0.0393090973938298,-0.0162523191059637
"Kepler-323 b",0.308458338009703,0.436476192902453,-0.12801785489275
"Kepler-323 c",0.2385620425883,0.33278985045729,-0.09422780786899
"Kepler-37 b",0.119799859612076,0.151147682979645,-0.031347823367569
"Kepler-37 c",0.0763732664121983,0.124907650370672,-0.0485343839584737
"Kepler-37 d",0.0477570313314715,0.09535576898581,-0.0475987376543385
"Kepler-38 b",0.106846020362755,0.0892415866303212,0.0176044337324338
"Kepler-39 b",0.418456190293901,0.196749293047665,0.221706897246236
"Kepler-4 b",0.28387611522545,0.388581764451125,-0.104705649225675
"Kepler-40 b",0.34782901455309,0.380939036506764,-0.033110021953674
"Kepler-409 b",0.0570831972482828,0.0798155554989427,-0.0227323582506599
"Kepler-41 b",0.324633651119045,0.424247828191476,-0.099614177072431
"Kepler-411 b",0.201060978056082,0.258145874200698,-0.057084896144616
"Kepler-411 c",0.13195034895577,0.181718594757089,-0.049768245801319
"Kepler-411 d",0.0478454203470295,0.0726823427508725,-0.024836922403843
"Kepler-412 b",0.349572376277987,0.439533284080198,-0.089960907802211
"Kepler-423 b",0.293804808556189,0.377117672534583,-0.083312863978394
"Kepler-425 b",0.178590792310466,0.240822357526813,-0.062231565216347
"Kepler-426 b",0.225542725397134,0.299416605100247,-0.073873879703113
"Kepler-427 b",0.182624410744247,0.248465085471174,-0.065840674726927
"Kepler-428 b",0.223136079472155,0.240822357526813,-0.017686278054658
"Kepler-43 b",0.367578194053839,0.380939036506764,-0.013360842452925
"Kepler-433 b",0.37861737945823,0.420681221817441,-0.042063842359211
"Kepler-434 b",0.249132847577313,0.222989325656638,0.026143521920675
"Kepler-435 b",0.312519755101457,0.408707614704609,-0.096187859603152
"Kepler-44 b",0.301788045138385,0.361577459047716,-0.059789413909331
"Kepler-45 b",0.182455026760844,0.222989325656638,-0.040534298895794
"Kepler-454 b",0.133119895837182,0.201589687412427,-0.068469791575245
"Kepler-46 b",0.252764314926183,0.106565103304206,0.146199211621977
"Kepler-5 b",0.360073022747663,0.414057524265661,-0.053984501517998
"Kepler-51 b",0.0492970849417845,0.106565103304206,-0.0572680183624215
"Kepler-51 c",0.0316704249783898,0.0800703130970881,-0.0483998881186983
"Kepler-51 d",0.0240044746237111,0.065294372404657,-0.0412898977809459
"Kepler-538 b",0.0537478138791465,0.0744656459378901,-0.0207178320587436
"Kepler-539 b",0.100367824539665,0.0669757725524164,0.0333920519872486
"Kepler-553 b",0.215499201257939,0.245662751891575,-0.030163550633636
"Kepler-553 c",0.183604686778075,0.0321758846457595,0.151428802132316
"Kepler-6 b",0.267460458405909,0.340177820803505,-0.072717362397596
"Kepler-62 b",0.121253898102504,0.159299926120297,-0.038046028017793
"Kepler-62 c",0.108902437873915,0.115481619239294,-0.00657918136537899
"Kepler-62 d",0.0755273184184925,0.098158102565409,-0.0226307841469165
"Kepler-62 e",0.0660540782466729,0.0370162790105215,0.0290377992361514
"Kepler-62 f",0.0614417244760755,0.0212213079255089,0.0402204165505666
"Kepler-68 b",0.205098345286102,0.293047665146613,-0.087949319860511
"Kepler-68 c",0.154174482104393,0.236236720760197,-0.082062238655804
"Kepler-7 b",0.284216971046511,0.383486612488217,-0.099269641441706
"Kepler-74 b",0.203536847881039,0.242860418311976,-0.039323570430937
"Kepler-75 b",0.322905748032503,0.163630805288768,0.159274942743735
"Kepler-76 b",0.432746294254827,0.513412987542353,-0.080666693287526
"Kepler-77 b",0.260198351892978,0.335082668840598,-0.07488431694762
"Kepler-78 b",0.37265191636341,0.534557868188419,-0.161905951825009
"Kepler-8 b",0.303083343054691,0.396224492395486,-0.093141149340795
"Kepler-849 b",0.095934136148914,0.0606323083585968,0.0353018277903172
"Kepler-87 b",0.100093793031012,0.0900058594247573,0.0100879336062547
"Kepler-87 c",0.030081034663116,0.070899039563855,-0.040818004900739
"Kepler-91 b",0.379781668385587,0.487937227727817,-0.10815555934223
"Kepler-93 b",0.178313319982082,0.256872086209971,-0.078558766227889
"L 168-9 b",0.149888304659946,0.222479810460347,-0.072591505800401
"L 98-59 b",0.0671688941718609,0.126181438361399,-0.0590125441895381
"L 98-59 c",0.0566906834838999,0.102234224135735,-0.0455435406518351
"L 98-59 d",0.032562695046971,0.0742108883397447,-0.0416481932927737
"LHS 1140 b",0.00918540305205566,0.0258069446921254,-0.0166215416400697
"LHS 1140 c",0.0373398377706133,0.0757394339286169,-0.0383995961580036
"LHS 1478 b",0.0719302684042668,0.119812498407765,-0.0478822300034982
"LP 714-47 b",0.107880814745219,0.146562046213028,-0.038681231467809
"LP 791-18 c",0.0256968584347019,0.0508750923496293,-0.0251782339149274
"LP 791-18 d",0.0281029149214862,0.0689883575777647,-0.0408854426562785
"LP 890-9 b",0.0645135667108149,0.0691157363768374,-0.0046021696660225
"LP 890-9 c",0.0613704842425993,0.0375257942068122,0.0238446900357871
"LTT 1445 A c",0.0524973090476029,0.0976485873691183,-0.0451512783215154
"LTT 3780 b",0.129135237446104,0.198277838636537,-0.069142601190433
"LTT 3780 c",0.0340733126219479,0.0596897052454589,-0.025616392623511
"LTT 9779 b",0.345242343363751,0.472142256642804,-0.126899913279053
"MASCARA-4 b",0.440597601991536,0.541436323338344,-0.100838721346808
"NGTS-1 b",0.147548698325839,0.169490230046111,-0.021941531720272
"NGTS-10 b",0.291634263341893,0.307568848240899,-0.015934584899006
"NGTS-11 b",0.0712291182840566,0.0790512827045066,-0.00782216442045
"NGTS-12 b",0.208839996507718,0.288462028379996,-0.079622031872278
"NGTS-13 b",0.398129794713535,0.377117672534583,0.021012122178952
"NGTS-14 A b",0.188490602329317,0.259419662191425,-0.070929059862108
"NGTS-15 b",0.217432256038025,0.260183934985861,-0.042751678947836
"NGTS-16 b",0.214723814536186,0.268081420528367,-0.053357605992181
"NGTS-17 b",0.272231075306811,0.339413548009069,-0.067182472702258
"NGTS-18 b",0.242403987940036,0.320051970550022,-0.077647982609986
"NGTS-2 b",0.266274996747426,0.342215881588668,-0.075940884841242
"NGTS-20 b",0.197033030565567,0.143504955035284,0.053528075530283
"NGTS-21 b",0.295684387868989,0.313937788194533,-0.018253400325544
"NGTS-23 b",0.24110857416753,0.306295060250172,-0.065186486082642
"NGTS-24 b",0.270031116449118,0.350113367131175,-0.080082250682057
"NGTS-25 b",0.206288237895363,0.24871984306932,-0.042431605173957
"NGTS-26 b",0.224426791664353,0.307314090642753,-0.0828872989784
"NGTS-27 b",0.322775243850618,0.422464525004458,-0.09968928115384
"NGTS-30 b",0.111717983047011,0.0956105265839554,0.0161074564630556
"NGTS-33 b",0.425838817956919,0.475454105418694,-0.049615287461775
"NGTS-4 b",0.285139804249036,0.388581764451125,-0.103441960202089
"NGTS-5 b",0.15221888582144,0.21076096094566,-0.05854207512422
"NGTS-6 b",0.25686005778473,0.295315007770107,-0.038454949985377
"NGTS-8 b",0.262052136000061,0.310880697016789,-0.048828561016728
"NGTS-9 b",0.337031947422401,0.337120729625761,-8.8782203360005e-05
"OGLE-TR-132 b",0.391842928484446,0.481058772577892,-0.089215844093446
"OGLE-TR-56 b",0.430327820366597,0.53175553460882,-0.101427714242223
"PDS 70 b",0.245354382689454,0.274959875678292,-0.029605492988838
"PDS 70 c",0.201782813181942,0.221715537665911,-0.019932724483969
"PH1 b",0.105865477744237,0.0907701322191934,0.0150953455250436
"PH2 b",0.0393239807544689,0.0434106947239701,-0.0040867139695012
"Qatar-1 b",0.286462940441442,0.3294780016814,-0.043015061239958
"Qatar-10 b",0.357834898105679,0.466282831885461,-0.108447933779782
"Qatar-2 b",0.299308144762356,0.310625939418643,-0.011317794656287
"Qatar-3 b",0.406504395943166,0.396479249993631,0.010025145949535
"Qatar-4 b",0.377198830378983,0.321071000942603,0.05612782943638
"Qatar-5 b",0.356295077375748,0.328713728886964,0.027581348488784
"Qatar-6 b",0.188774751602894,0.22451787124551,-0.035743119642616
"Qatar-7 b",0.403847539474936,0.491249076503707,-0.087401537028771
"Qatar-8 b",0.253185618072012,0.339413548009069,-0.086227929937057
"Qatar-9 b",0.23523991180351,0.257126843808117,-0.021886932004607
"Ross 176 b",0.090716914989876,0.141976409446412,-0.051259494456536
"TIC 139270665 b",0.136645043816284,0.147326319007464,-0.01068127519118
"TIC 237913194 b",0.22329135237389,0.216365628104858,0.00692572426903201
"TIC 257060897 b",0.32029955976896,0.417114615443406,-0.096815055674446
"TIC 393818343 b",0.244400973849455,0.173438972817364,0.070962001032091
"TIC 46432937 b",0.229128486720795,0.190380353094031,0.038748133626764
"TIC 4672985 b",0.309331875236488,0.0999923572720556,0.209339517964432
"TOI-1052 b",0.187445701049993,0.257381601406262,-0.069935900356269
"TOI-1062 b",0.172300358328659,0.242605660713831,-0.070305302385172
"TOI-1064 b",0.119988744553378,0.167961684457239,-0.047972939903861
"TOI-1064 c",0.0725357279826924,0.129748044735434,-0.0572123167527416
"TOI-1075 b",0.222373865492267,0.305276029857591,-0.082902164365324
"TOI-1107 b",0.38594274400344,0.408452857106463,-0.022510113103023
"TOI-1117 b",0.254946778535061,0.360048913458844,-0.105102134923783
"TOI-1130 b",0.127912715141745,0.178406745981199,-0.050494030839454
"TOI-1130 c",0.13480725103547,0.13382416630576,0.00098308472971001
"TOI-1173 b",0.126982162197158,0.18936132270145,-0.062379160504292
"TOI-1194 b",0.22960323739079,0.290319211270476,-0.060715973879686
"TOI-1199 b",0.256118496065622,0.346801518355285,-0.090683022289663
"TOI-1201 b",0.094915239591263,0.147326319007464,-0.052411079416201
"TOI-1221 b",0.34257006940128,0.0803250706952335,0.262244998706047
"TOI-1231 b",0.0315272336960235,0.0521998318599852,-0.0206725981639617
"TOI-1238 b",0.178708174023167,0.256872086209971,-0.078163912186804
"TOI-1238 c",0.0991765207101725,0.145288258222301,-0.0461117375121285
"TOI-1246 b",0.142188210689145,0.211525233740096,-0.069337023050951
"TOI-1246 c",0.129336131108202,0.187957608335669,-0.058621477227467
"TOI-1246 d",0.0679970300748249,0.117970600973174,-0.0499735708983491
"TOI-1246 e",0.0562761062489953,0.0864341578987593,-0.030158051649764
"TOI-1248 b",0.146735516493794,0.210783889129493,-0.064048372635699
"TOI-1249 b",0.103528479868425,0.153412478027157,-0.049883998158732
"TOI-125 b",0.160890597060974,0.232415356788016,-0.071524759727042
"TOI-125 c",0.117180240554492,0.179120067256006,-0.061939826701514
"TOI-125 d",0.0907012634676769,0.13079255088783,-0.0400912874201531
"TOI-1259 A b",0.170274861661584,0.213563294525259,-0.043288432863675
"TOI-1260 b",0.130309959809665,0.190125595495886,-0.059815635686221
"TOI-1260 c",0.0936495568934207,0.134078923903905,-0.0404293670104843
"TOI-1260 d",0.0616553479806158,0.09535576898581,-0.0337004210051942
"TOI-1266 b",0.0369924056619518,0.0739561307415993,-0.0369637250796475
"TOI-1266 c",0.0232971194193119,0.0563778564695692,-0.0330807370502573
"TOI-1268 b",0.158575633184419,0.202328484447049,-0.04375285126263
"TOI-1269 b",0.151521388255947,0.22423763788755,-0.072716249631603
"TOI-1272 b",0.159189292868454,0.216620385703004,-0.05743109283455
"TOI-1273 b",0.202421795584483,0.27674317886531,-0.074321383280827
"TOI-1279 b",0.110979936894825,0.161592744503605,-0.05061280760878
"TOI-1288 b",0.207870695687843,0.274817211423331,-0.066946515735488
"TOI-1294 b",0.236192372697642,0.323042824752248,-0.086850452054606
"TOI-1295 b",0.457715413118019,0.569459659134334,-0.111744246016315
"TOI-1296 b",0.241528526140091,0.328672967671261,-0.08714444153117
"TOI-1298 b",0.224767910406539,0.293811937941049,-0.06904402753451
"TOI-132 b",0.237715256041591,0.323618576924057,-0.085903320882466
"TOI-1333 b",0.353478418146663,0.39596973479734,-0.042491316650677
"TOI-1347 b",0.238700429295996,0.324892364914784,-0.086191935618788
"TOI-1347 c",0.156843565902961,0.222989325656638,-0.066145759753677
"TOI-1386 b",0.0941685081601862,0.124915293098617,-0.0307467849384308
"TOI-1410.01",0.200124358593384,0.283290449137646,-0.083166090544262
"TOI-1411 b",0.141890530615655,0.216977046340407,-0.075086515724752
"TOI-1416 b",0.244929315409853,0.354699003897791,-0.109769688487938
"TOI-1420 b",0.139618103977029,0.212034748936387,-0.072416644959358
"TOI-1422 b",0.123731091744098,0.189106565103304,-0.065375473359206
"TOI-1431 b",0.493422971767446,0.572007235115787,-0.078584263348341
"TOI-1439 b",0.123604816374774,0.158892313963264,-0.03528749758849
"TOI-1443 b",0.0913884653187465,0.100873818561639,-0.0094853532428925
"TOI-1444 b",0.361409777222115,0.510870506712863,-0.149460729490748
"TOI-1448 b",0.0588181765351278,0.0767584643211983,-0.0179402877860705
"TOI-1450 A b",0.0907888208715044,0.152166713372226,-0.0613778925007216
"TOI-1451 b",0.110584171123696,0.15250554097776,-0.041921369854064
"TOI-1452 b",0.0263328944276283,0.0512827045066619,-0.0249498100790336
"TOI-1453 b",0.137774636951888,0.208773851680126,-0.070999214728238
"TOI-1453 c",0.109905192957897,0.177082006470843,-0.067176813512946
"TOI-1468 b",0.0898310429066084,0.14235854584363,-0.0525275029370216
"TOI-1468 c",0.0236176816567864,0.0543652714442208,-0.0307475897874344
"TOI-1470 b",0.104087826315373,0.155223804549971,-0.051135978234598
"TOI-1470 c",0.0348326566137321,0.063256311619494,-0.0284236550057619
"TOI-1472 b",0.120361607389754,0.174875805670904,-0.05451419828115
"TOI-150.01",0.31089779058533,0.326038774106438,-0.015140983521108
"TOI-1518 b",0.490008419960759,0.603087662089522,-0.113079242128763
"TOI-157 b",0.309965806545701,0.372786793366112,-0.062820986820411
"TOI-1601 b",0.294165617753352,0.348831936412503,-0.054666318659151
"TOI-163 b",0.320990639269753,0.393422158815887,-0.072431519546134
"TOI-1669 c",0.21507515502272,0.29563600234377,-0.08056084732105
"TOI-1670 b",0.206828203074319,0.23878429674165,-0.031956093667331
"TOI-1670 c",0.129187687302244,0.142485924642702,-0.013298237340458
"TOI-1685 b",0.159771877135118,0.23878429674165,-0.079012419606532
"TOI-169 b",0.325647479701502,0.405141008330573,-0.079493528629071
"TOI-1694 b",0.151149585895249,0.208516546506,-0.057366960610751
"TOI-1695 b",0.0975211964082097,0.146052531016738,-0.0485313346085283
"TOI-1696 b",0.0900674370302696,0.0928081930043563,-0.0027407559740867
"TOI-1710 b",0.0826803518635516,0.121848011616946,-0.0391676597533944
"TOI-172 b",0.34664462391999,0.27343133008942,0.07321329383057
"TOI-1728 b",0.116595499984316,0.163630805288768,-0.047035305304452
"TOI-1736 b",0.173958566065963,0.248411586375564,-0.074453020309601
"TOI-1742 b",0.0994450795565006,0.145056428807989,-0.0456113492514884
"TOI-1749 b",0.205581928495174,0.179935291570071,0.025646636925103
"TOI-1749 c",0.103988982301133,0.139683591063103,-0.03569460876197
"TOI-1749 d",0.0755502708467146,0.104017527322752,-0.0284672564760374
"TOI-1751 b",0.0994115335168946,0.134241968766718,-0.0348304352498234
"TOI-1753 b",0.165926239327651,0.224372659414567,-0.058446420086916
"TOI-1759 b",0.0498293391019235,0.0810893434896696,-0.0312600043877461
"TOI-1775 b",0.122139927937575,0.148572083662395,-0.02643215572482
"TOI-1776 b",0.193021892949841,0.291572618653351,-0.09855072570351
"TOI-178 b",0.151428968746493,0.233179629582452,-0.081750660835959
"TOI-178 c",0.128240036290756,0.190635110692176,-0.06239507440142
"TOI-178 d",0.0846117037217988,0.144014470231575,-0.0594027665097762
"TOI-178 e",0.0714507204080158,0.121086286398492,-0.0496355659904762
"TOI-178 f",0.0643804359833034,0.100960436145008,-0.0365800001617046
"TOI-178 g",0.0448675720050697,0.0879677986395944,-0.0431002266345247
"TOI-1789 b",0.353123485829705,0.459149619137391,-0.106026133307686
"TOI-1794 b",0.148981412235365,0.221183094285787,-0.072201682050422
"TOI-1801 b",0.0567472146212854,0.0940055537156396,-0.0372583390943542
"TOI-1803 b",0.106604577150434,0.15853565332586,-0.051931076175426
"TOI-1803 c",0.0696134853287177,0.118029195220747,-0.0484157098920293
"TOI-1807 b",0.275159052408319,0.399816574529335,-0.124657522121016
"TOI-181 b",0.144367380250794,0.196265253611189,-0.051897873360395
"TOI-1811 b",0.195712860583199,0.213359488446743,-0.017646627863544
"TOI-1820 b",0.305925215434923,0.318523424961149,-0.012598209526226
"TOI-1823 b",0.0624115693891552,0.0761546888135938,-0.0137431194244386
"TOI-1824 b",0.0742441525029231,0.102914426922783,-0.0286702744198599
"TOI-1836 b",0.152000137914548,0.214327567319695,-0.062327429405147
"TOI-1836 c",0.340274927507792,0.479683081547907,-0.139408154040115
"TOI-1842 b",0.202719772013369,0.273826204366545,-0.071106432353176
"TOI-1853 b",0.283816734566603,0.345018215168267,-0.061201480601664
"TOI-1855 b",0.321063749608981,0.401574401956538,-0.080510652347557
"TOI-1898 b",0.119519806849532,0.140075917764247,-0.020556110914715
"TOI-1899 b",0.0739452114867962,0.0645300996102209,0.0094151118765753
"TOI-1937 A b",0.428907645610384,0.502458410822103,-0.0735507652117189
"TOI-1994 b",0.696235989365341,0.551626627264158,0.144609362101183
"TOI-2000 b",0.247265255911092,0.347311033551576,-0.100045777640484
"TOI-2000 c",0.17955943970434,0.232670114386162,-0.053110674681822
"TOI-2010 b",0.0997993214177603,0.070185718289048,0.0296136031287123
"TOI-2015 b",0.0634445346385263,0.103482536366647,-0.0400380017281207
"TOI-2019 b",0.148088409669431,0.201961633505719,-0.053873223836288
"TOI-2025 b",0.299582474209325,0.265279086948768,0.034303387260557
"TOI-2031 A b",0.254508425339591,0.314192545792678,-0.059684120453087
"TOI-2076 c",0.0980211174114455,0.106605864519909,-0.00858474710846351
"TOI-2076 d",0.068054333693158,0.0848291850304435,-0.0167748513372855
"TOI-2088 b",0.0425056102569458,0.0447430769622704,-0.0022374667053246
"TOI-2095 b",0.032793107185218,0.0566326140677145,-0.0238395068824965
"TOI-2095 c",0.0322549743880564,0.0438947341604463,-0.0116397597723899
"TOI-2107 b",0.26434899465438,0.324128092120347,-0.059779097465967
"TOI-2109 b",0.768713556431187,0.897077930349273,-0.128364373918086
"TOI-2120 b",0.0382065033507146,0.066058645199093,-0.0278521418483784
"TOI-2128 b",0.107329065621298,0.167077675591674,-0.059748609970376
"TOI-2134 b",0.091344963781768,0.137900287876086,-0.046555324094318
"TOI-2134 c",0.0319399346697796,0.0461875525437546,-0.014247617873975
"TOI-2136 b",0.0389484790132154,0.068860978778692,-0.0299124997654766
"TOI-2141 b",0.115987068398713,0.152166713372226,-0.036179644973513
"TOI-2145 b",0.367157220348778,0.315575879550608,0.05158134079817
"TOI-2152 A b",0.39058224786768,0.42730491936922,-0.03672267150154
"TOI-2154 b",0.295978928664148,0.370748732580949,-0.074769803916801
"TOI-2158 b",0.232851020426985,0.270883754107966,-0.038032733680981
"TOI-2169 A b",0.268690649136632,0.31572109138155,-0.047030442244918
"TOI-2180 b",0.132343828733548,0.0568873716658599,0.0754564570676881
"TOI-2193 A b",0.324944233962986,0.417369373041551,-0.092425139078565
"TOI-2196 b",0.326814877543233,0.442080860061651,-0.115265982518418
"TOI-220 b",0.121497492086485,0.173311594018292,-0.051814101931807
"TOI-2207 b",0.236661392578963,0.288971543576287,-0.052310150997324
"TOI-2236 b",0.340337682497886,0.398262553180649,-0.057924870682763
"TOI-2295 b",0.138760043538712,0.15853565332586,-0.019775609787148
"TOI-2328 b",0.129800027166025,0.18273762514967,-0.052937597983645
"TOI-2338 b",0.278011513463737,0.171783048429419,0.106228465034318
"TOI-2346 b",0.326527798600804,0.398517310778794,-0.07198951217799
"TOI-2364 b",0.185290203721116,0.246172267087866,-0.06088206336675
"TOI-2368 b",0.189741072985435,0.222989325656638,-0.033248252671203
"TOI-2373 b",0.345476915735236,0.187323261916287,0.158153653818949
"TOI-2374 b",0.14695336475568,0.193692201869921,-0.046738837114241
"TOI-2379 b",0.237611446095838,0.127200468753981,0.110410977341857
"TOI-238 c",0.0958065006988314,0.145543015820447,-0.0497365151216156
"TOI-2382 b",0.269388620534899,0.331516062466563,-0.062127441931664
"TOI-2384 b",0.212746465749566,0.194889562581204,0.017856903168362
"TOI-2406 b",0.0581505828311066,0.0826178890785418,-0.0244673062474352
"TOI-2416 b",0.284145084866054,0.243369933508267,0.040775151357787
"TOI-2420 b",0.297192792413291,0.368608768756528,-0.071415976343237
"TOI-2421 b",0.27240347567374,0.359029883066262,-0.086626407392522
"TOI-244 b",0.0453895685648389,0.08491070746185,-0.0395211388970111
"TOI-2443 b",0.0578288430100284,0.100450920948717,-0.0426220779386886
"TOI-2447 b",0.069482750918901,0.073701373143454,-0.00421862222455299
"TOI-2458 b",0.253445949054834,0.352762846151886,-0.099316897097052
"TOI-2485 b",0.26656705816489,0.257126843808117,0.009440214356773
"TOI-2497 b",0.407587248021874,0.37457009655313,0.033017151468744
"TOI-2498 b",0.243885296036944,0.335846941635034,-0.09196164559809
"TOI-2524 b",0.206851545418999,0.248465085471174,-0.041613540052175
"TOI-2529 b",0.174879010671017,0.130257559931725,0.044621450739292
"TOI-2537 b",0.0910273993071813,0.0543397956844063,0.036687603622775
"TOI-2567 b",0.22721988565773,0.312664000203806,-0.085444114546076
"TOI-257 b",0.167485943733392,0.229867780806563,-0.062381837073171
"TOI-2570 b",0.270147955524291,0.33278985045729,-0.062641894932999
"TOI-2580 b",0.438611770871017,0.582197539041602,-0.143585768170585
"TOI-2583 A b",0.245536552722493,0.339158790410924,-0.093622237688431
"TOI-2587 A b",0.244238985431671,0.336356456831325,-0.092117471399654
"TOI-2589 b",0.189275965028184,0.119048225613329,0.070227739414855
"TOI-260 b",0.0555180646921866,0.0938272233969378,-0.0383091587047512
"TOI-2641 b",0.236397266185689,0.321580516138894,-0.085183249953205
"TOI-269 b",0.0652567284422209,0.103508012126462,-0.0382512836842411
"TOI-270 b",0.0658062510999771,0.11624589203373,-0.0504396409337529
"TOI-270 c",0.0548878537564182,0.092553435406211,-0.0376655816497928
"TOI-270 d",0.0343544446204784,0.0668229179935291,-0.0324684733730507
"TOI-2714 b",0.297971202608926,0.376608157338293,-0.078636954729367
"TOI-2796 b",0.205961494848857,0.275214633276437,-0.06925313842758
"TOI-2803 A b",0.352885160158673,0.450487860800448,-0.097602700641775
"TOI-2818 b",0.252251362636383,0.318778182559295,-0.066526819922912
"TOI-2842 b",0.258180503992038,0.342980154383104,-0.084799650391066
"TOI-286 b",0.149861093773293,0.217639416095585,-0.067778322322292
"TOI-286 c",0.0495225469499033,0.0892415866303212,-0.0397190396804179
"TOI-2876 b",0.147614885952175,0.204901536188317,-0.057286650236142
"TOI-2886 b",0.379555015557324,0.472142256642804,-0.09258724108548
"TOI-2969 b",0.240348471503369,0.270374238911676,-0.030025767408307
"TOI-2977 b",0.320143334116729,0.361577459047716,-0.041434124930987
"TOI-2981 b",0.293121445662588,0.314192545792678,-0.02107110013009
"TOI-2986 b",0.289264385510603,0.381448551703055,-0.092184166192452
"TOI-2989 b",0.252879141593329,0.223244083254783,0.029635058338546
"TOI-2992 b",0.388855819468263,0.407943341910173,-0.01908752244191
"TOI-3023 b",0.287785214047073,0.374824854151275,-0.087039640104202
"TOI-3071 b",0.386733108106356,0.517234351514534,-0.130501243408178
"TOI-3135 b",0.251823991800544,0.297378544315084,-0.04555455251454
"TOI-3160 A b",0.302877991805165,0.360303671056989,-0.057425679251824
"TOI-3235 b",0.115007066497572,0.122105316791073,-0.007098250293501
"TOI-3261 b",0.302393213918349,0.406924311517591,-0.104531097599242
"TOI-329 b",0.207911636223355,0.277257789213563,-0.069346152990208
"TOI-332 b",0.351550763838033,0.44488319364125,-0.093332429803217
"TOI-3321 b",0.290093675068443,0.379920006114182,-0.0898263310457389
"TOI-3331 A b",0.32542442532132,0.347311033551576,-0.021886608230256
"TOI-3364 b",0.271114431217195,0.290245331567014,-0.019130900349819
"TOI-3464 b",0.333486673628222,0.399536341171375,-0.066049667543153
"TOI-3474 b",0.263237256215665,0.337885002420197,-0.074647746204532
"TOI-3486 b",0.206334297662486,0.271393269304257,-0.065058971641771
"TOI-3493 b",0.169992199133423,0.248974600667465,-0.078982401534042
"TOI-3523 A b",0.385540216657969,0.473670802231677,-0.088130585573708
"TOI-3540 A b",0.277113341742043,0.349858609533029,-0.072745267790986
"TOI-3568 b",0.140164880975959,0.197258808243956,-0.057093927267997
"TOI-3593 b",0.26196432778014,0.26629811734135,-0.00433378956121
"TOI-3629 b",0.114481378705847,0.144014470231575,-0.029533091525728
"TOI-3682 b",0.282775171259381,0.390365067638142,-0.107589896378761
"TOI-3688 A b",0.296720484218638,0.359029883066262,-0.062309398847624
"TOI-3693 b",0.162813904197317,0.17229256362571,-0.00947865942839299
"TOI-3714 b",0.144077861389791,0.159299926120297,-0.015222064730506
"TOI-3757 b",0.120204107731422,0.161592744503605,-0.041388636772183
"TOI-3785 b",0.0734000092191805,0.116500649631875,-0.0431006404126945
"TOI-3807 b",0.308136383836938,0.387562734058543,-0.079426350221605
"TOI-3819 b",0.319557566450786,0.384250885282654,-0.064693318831868
"TOI-3837 b",0.219857694169396,0.268336178126513,-0.048478483957117
"TOI-3856 b",0.279403863591917,0.361577459047716,-0.082173595455799
"TOI-3877 b",0.251859393641032,0.336356456831325,-0.084497063190293
"TOI-3884 b",0.0549805378405833,0.0805798282933788,-0.0255992904527955
"TOI-3894 b",0.285303695382045,0.358265610271826,-0.072961914889781
"TOI-3912 b",0.2655343314927,0.353425215907064,-0.087890884414364
"TOI-3919 b",0.308367862247109,0.27343133008942,0.034936532157689
"TOI-3976 A b",0.212408454007634,0.29814281710952,-0.085734363101886
"TOI-3980 b",0.294455340718725,0.381193794104909,-0.086738453386184
"TOI-3984 A b",0.0792717141499821,0.111660255267113,-0.0323885411171309
"TOI-4010 b",0.236779147672247,0.335337426438744,-0.098558278766497
"TOI-4010 c",0.13609526787915,0.199296869029119,-0.063201601149969
"TOI-4010 d",0.0973545944095602,0.13382416630576,-0.0364695718961998
"TOI-406 c",0.0679640078378179,0.117010164828166,-0.0490461569903481
"TOI-406.01",0.0350528955432477,0.0619825236287672,-0.0269296280855195
"TOI-4087 b",0.272965799417489,0.339668305607215,-0.066702506189726
"TOI-411 b",0.221991379389243,0.284385906809671,-0.062394527420428
"TOI-411 c",0.143922977556979,0.205411051384608,-0.061488073827629
"TOI-4127 b",0.164540791143153,0.122385550149033,0.04215524099412
"TOI-4137 b",0.316830441685876,0.368201156599496,-0.05137071491362
"TOI-4145 A b",0.186724875686846,0.241841387919395,-0.055116512232549
"TOI-4153 b",0.320157117729993,0.393422158815887,-0.073265041085894
"TOI-4201 b",0.185073501940373,0.152930986166662,0.032142515773711
"TOI-421 b",0.135408370073009,0.203118233001299,-0.06770986292829
"TOI-421 c",0.0826899614875859,0.13000280233358,-0.0473128408459941
"TOI-4214 b",0.303222592553625,0.386543703665962,-0.083321111112337
"TOI-431 b",0.311020579604874,0.442590375257942,-0.131569795653068
"TOI-431 d",0.0834763235684874,0.129493287137289,-0.0460169635688016
"TOI-4406 b",0.150871775643114,0.198532596234683,-0.047660820591569
"TOI-4438 b",0.0426965030161029,0.0790512827045066,-0.0363547796884037
"TOI-4463 A b",0.263316350842757,0.323618576924057,-0.0603022260813
"TOI-4465 b",0.186981494371747,0.0770132219193437,0.109968272452403
"TOI-4487 A b",0.321133062980128,0.385779430871526,-0.064646367891398
"TOI-4515 b",0.17623300683793,0.147835834203755,0.028397172634175
"TOI-4600 b",0.178726481871675,0.0566326140677145,0.122093867803961
"TOI-4600 c",0.233685589391711,0.0168904287570377,0.216795160634673
"TOI-4603 b",0.525050934406361,0.39546021960105,0.129590714805311
"TOI-4734 b",0.248258332623207,0.342215881588668,-0.093957548965461
"TOI-4791 b",0.325745357845996,0.34323491198125,-0.017489554135254
"TOI-4794 b",0.319069078498045,0.394441189208468,-0.075372110710423
"TOI-480 b",0.203460889394781,0.273670802231677,-0.070209912836896
"TOI-481 b",0.291396237857526,0.317249636970423,-0.025853399112897
"TOI-4860 b",0.115223060378481,0.145033500624156,-0.029810440245675
"TOI-4914 b",0.167532220030179,0.195985020253229,-0.02845280022305
"TOI-4961 b",0.209960610541476,0.202353960206863,0.007606650334613
"TOI-4994 b",0.120657844526582,0.151045779940387,-0.030387935413805
"TOI-500 b",0.258427183826487,0.380174763712328,-0.121747579885841
"TOI-5005 b",0.167224695062571,0.233179629582452,-0.065954934519881
"TOI-5027 b",0.248887114197416,0.237255751152778,0.011631363044638
"TOI-5076 b",0.0740845884746549,0.108348406491224,-0.0342638180165691
"TOI-5108 b",0.192084578556702,0.268845693322803,-0.076761114766101
"TOI-5110 b",0.249062850189196,0.216875143301149,0.032187706888047
"TOI-512 b",0.151141766543722,0.225282144039946,-0.074140377496224
"TOI-5153 b",0.244261178091242,0.199042111430973,0.045219066660269
"TOI-5181 A b",0.307619065377525,0.372022520571676,-0.064403455194151
"TOI-519 b",0.119843274000532,0.143250197437139,-0.023406923436607
"TOI-5205 b",0.156189157992255,0.155988077344407,0.00020108064784799
"TOI-5210 b",0.219927646505519,0.295849998726212,-0.075922352220693
"TOI-5218 b",0.204439463861362,0.167706926859094,0.036732537002268
"TOI-5232 b",0.380915722159968,0.419662191424859,-0.038746469264891
"TOI-5293 A b",0.120693251983286,0.140193106259394,-0.019499854276108
"TOI-530 b",0.0989658223430411,0.112169770463404,-0.0132039481203629
"TOI-5300 b",0.198241207603037,0.233943902376888,-0.035702694773851
"TOI-5301 b",0.384942515637664,0.388072249254834,-0.00312973361717001
"TOI-532 b",0.148994868018437,0.189106565103304,-0.040111697084867
"TOI-5322 b",0.239962551601077,0.312154485007515,-0.072191933406438
"TOI-5340 b",0.293319408827083,0.367182126206914,-0.073862717379831
"TOI-5344 b",0.119421063432597,0.143759712633429,-0.024338649200832
"TOI-5386 A b",0.26454294059166,0.347311033551576,-0.082768092959916
"TOI-5398 b",0.151251238025036,0.209487172954933,-0.058235934929897
"TOI-5398 c",0.198437031525002,0.284640664407816,-0.086203632882814
"TOI-544 b",0.144046256441646,0.222734568058492,-0.078688311616846
"TOI-5542 b",0.11045200476015,0.0805798282933788,0.0298721764667712
"TOI-5573 b",0.0876043631786936,0.102743739332026,-0.0151393761533324
"TOI-558 b",0.278519415533433,0.238529539143505,0.039989876389928
"TOI-559 b",0.341261811794683,0.268845693322803,0.07241611847188
"TOI-5592 b",0.332709077476202,0.42399307059333,-0.091283993117128
"TOI-561 b",0.390645371910706,0.559014597610374,-0.168369225699668
"TOI-561 c",0.110707439566182,0.172547321223855,-0.061839881657673
"TOI-561 d",0.0852594247203687,0.121086286398492,-0.0358268616781233
"TOI-561 e",0.0504199751259188,0.0742108883397447,-0.0237909132138259
"TOI-5616 b",0.225380215919563,0.20744911216977,0.017931103749793
"TOI-5634 A b",0.204988581929417,0.181463837158943,0.023524744770474
"TOI-564 b",0.352020607302093,0.404886250732428,-0.052865643430335
"TOI-5678 b",0.065089456087566,0.0989223753598451,-0.0338329192722791
"TOI-5688 A b",0.128668728402932,0.157261865335134,-0.028593136932202
"TOI-5720 b",0.103687274174471,0.148600106998191,-0.04491283282372
"TOI-5786 b",0.176380993066393,0.233179629582452,-0.056798636516059
"TOI-5795 b",0.181879446198422,0.257835069930961,-0.075955623732539
"TOI-5800 b",0.175693984606751,0.250503146256337,-0.074809161649586
"TOI-5817 b",0.144016307026498,0.210251445749369,-0.066235138722871
"TOI-5882 b",0.582650922526182,0.354189488701501,0.228461433824681
"TOI-6008 b",0.103567489446359,0.148345349400046,-0.044777859953687
"TOI-6016 b",0.367948434742031,0.449723588006012,-0.081775153263981
"TOI-6034 b",0.139999595804652,0.150128652587063,-0.010129056782411
"TOI-6038 A b",0.259248131158392,0.334827911242453,-0.075579780084061
"TOI-6130 b",0.336163649280063,0.414057524265661,-0.077893874985598
"TOI-615 b",0.289812978090996,0.392657886021451,-0.102844907930455
"TOI-622 b",0.245688357228199,0.321835273737039,-0.07614691650884
"TOI-628 b",0.424530867827374,0.372277278169821,0.052253589657553
"TOI-6324 b",0.182960011666549,0.278016966856036,-0.095056955189487
"TOI-6383 A b",0.157356649179128,0.15802613812957,-0.000669488950441999
"TOI-640 b",0.323070591667511,0.430871525743255,-0.107800934075744
"TOI-654.01",0.116400815180081,0.170509260438693,-0.054108445258612
"TOI-6628 b",0.162375968976016,0.180444806766362,-0.018068837790346
"TOI-663 b",0.0863890056323232,0.139938348661249,-0.0535493430289258
"TOI-663 c",0.061904183609087,0.10911267928566,-0.047208495676573
"TOI-663 d",0.0544221711763928,0.0910248898173388,-0.036602718640946
"TOI-6651 b",0.268916968969043,0.348584821542302,-0.079667852573259
"TOI-669 b",0.1788040172212,0.254795811785086,-0.075991794563886
"TOI-6695 b",0.090107964645019,0.120831528800346,-0.030723564155327
"TOI-674 b",0.0893070258576235,0.13000280233358,-0.0406957764759565
"TOI-6894 b",0.0521914129999378,0.0746949277762209,-0.0225035147762831
"TOI-7149 b",0.11022958953517,0.119302983211474,-0.00907339367630401
"TOI-733 b",0.162131883382869,0.237204799633149,-0.07507291625028
"TOI-757 b",0.0898402843129562,0.131531347922452,-0.0416910636094958
"TOI-762 A b",0.0884574053005394,0.109724097521209,-0.0212666922206696
"TOI-763 b",0.164341559165754,0.232670114386162,-0.068328555220408
"TOI-763 c",0.116952389961819,0.172037806027565,-0.055085416065746
"TOI-771 b",0.0617147533004031,0.106565103304206,-0.0448503500038029
"TOI-776 b",0.0619319778259557,0.100705678546863,-0.0387737007209073
"TOI-776 c",0.0456606380571252,0.0752299187323262,-0.029569280675201
"TOI-778 b",0.340335747479083,0.365908338216187,-0.025572590737104
"TOI-782 b",0.0602016059073617,0.0790512827045066,-0.0188496767971449
"TOI-815 b",0.0915504787807071,0.142995439838993,-0.0514449610582859
"TOI-815 c",0.0719301712934767,0.0877130410414491,-0.0157828697479724
"TOI-824 b",0.210705895926252,0.287442997987415,-0.076737102061163
"TOI-836 b",0.126906773560349,0.190125595495886,-0.063218821935537
"TOI-836 c",0.0924429205036127,0.137645530277941,-0.0452026097743283
"TOI-837 b",0.178178232925291,0.221791964945354,-0.043613732020063
"TOI-858 B b",0.297298005892469,0.357756095075536,-0.060458089183067
"TOI-892 b",0.273185924942592,0.324128092120347,-0.050942167177755
"TOI-905 b",0.220491625283714,0.271902784500548,-0.051411159216834
"TOI-908 b",0.218667280713192,0.303747484268718,-0.085080203555526
"TOI-954 b",0.259520476919008,0.3569918222811,-0.097471345362092
"TOI-969 b",0.142194635767436,0.207958627366061,-0.065763991598625
"TYC 8998-760-1 c",0.351541465872537,0.284131149211525,0.067410316661012
"TrES-5 b",0.310370621102606,0.345272972766413,-0.034902351663807
"VHS J125601.92-125723.9 b",0.442473790667605,0.272412299696838,0.170061490970767
"WASP-10 b",0.327227929936619,0.317249636970423,0.00997829296619596
"WASP-102 b",0.30435985621838,0.393931674012177,-0.089571817793797
"WASP-103 b",0.483791458079776,0.607163783659848,-0.123372325580072
"WASP-104 b",0.304253341912045,0.354444246299646,-0.050190904387601
"WASP-105 b",0.213508438482112,0.197513565842101,0.015994872640011
"WASP-113 b",0.263780790355626,0.349349094336739,-0.085568303981113
"WASP-114 b",0.409555724439759,0.488701500522253,-0.079145776082494
"WASP-116 b",0.259547670046679,0.328458971288819,-0.06891130124214
"WASP-118 b",0.308527825705442,0.408707614704609,-0.100179788999167
"WASP-119 b",0.310604036640762,0.375843884543856,-0.065239847903094
"WASP-120 b",0.430349498011975,0.447176012024559,-0.016826514012584
"WASP-123 b",0.287121864422428,0.355463276692227,-0.068341412269799
"WASP-124 b",0.254728727862536,0.324892364914784,-0.070163637052248
"WASP-129 b",0.22515157446357,0.248465085471174,-0.023313511007604
"WASP-130 b",0.186091480136189,0.180444806766362,0.00564667336982702
"WASP-132 b",0.120381833240726,0.141976409446412,-0.021594576205686
"WASP-132 c",0.215477040528938,0.306804575446463,-0.091327534917525
"WASP-133 b",0.349287038565057,0.424247828191476,-0.074960789626419
"WASP-136 b",0.345454931816135,0.412019463480498,-0.066564531664363
"WASP-138 b",0.318091509054475,0.373296308562403,-0.055204799507928
"WASP-139 b",0.139292276707483,0.200061141823555,-0.060768865116072
"WASP-140 b",0.286417415520897,0.304511757063154,-0.018094341542257
"WASP-141 b",0.342110936623627,0.360558428655135,-0.018447492031508
"WASP-142 b",0.370095034645089,0.477746923802002,-0.107651889156913
"WASP-144 b",0.230527478153079,0.289226301174432,-0.058698823021353
"WASP-145 A b",0.240534332477422,0.273940845285711,-0.033406512808289
"WASP-147 b",0.240182387709541,0.325911395307365,-0.085729007597824
"WASP-149 b",0.351728822562915,0.440807072070925,-0.08907824950801
"WASP-150 b",0.429590151983756,0.340177820803505,0.089412331180251
"WASP-153 b",0.29575165996052,0.401319644358393,-0.105567984397873
"WASP-154 b",0.187672122531042,0.221460780067766,-0.033788657536724
"WASP-155 b",0.279445597821965,0.342215881588668,-0.062770283766703
"WASP-156 b",0.152582815785119,0.206302702978116,-0.053719887192997
"WASP-158 b",0.361078817703936,0.373296308562403,-0.012217490858467
"WASP-159 b",0.333700253382484,0.439533284080198,-0.105833030697714
"WASP-160 B b",0.187676525619647,0.253305479835936,-0.065628954216289
"WASP-161 b",0.344155026958673,0.364889307823606,-0.020734280864933
"WASP-162 b",0.28589711037545,0.200061141823555,0.085835968551895
"WASP-163 b",0.341599500085104,0.38552467327338,-0.043925173188276
"WASP-164 b",0.346191178099536,0.37839146052531,-0.032200282425774
"WASP-165 b",0.298583197612413,0.381958066899345,-0.083374869286932
"WASP-166 b",0.207846069674431,0.291773877155886,-0.083927807481455
"WASP-167 b",0.547617332308407,0.561562173591827,-0.01394484128342
"WASP-168 b",0.230727921153017,0.309606909026062,-0.078878987873045
"WASP-169 b",0.28971674235267,0.376862914936438,-0.087146172583768
"WASP-170 b",0.298345012190216,0.330497032073982,-0.032152019883766
"WASP-171 b",0.327351961747923,0.386543703665962,-0.059191741918039
"WASP-172 b",0.306708993924601,0.411509948284208,-0.104800954359607
"WASP-173 A b",0.425788660302242,0.447176012024559,-0.021387351722317
"WASP-174 b",0.261955626175441,0.35750133747739,-0.095545711301949
"WASP-175 b",0.302758649595699,0.368455914197641,-0.065697264601942
"WASP-176 b",0.319043881109908,0.406669553919446,-0.087625672809538
"WASP-177 b",0.196707849809824,0.25916490459328,-0.062457054783456
"WASP-178 b",0.474390252026137,0.597482994930324,-0.123092742904187
"WASP-18 b",0.614324384523177,0.587037933406364,0.0272864511168129
"WASP-180 A b",0.29286651425553,0.360558428655135,-0.067691914399605
"WASP-181 b",0.19997421457669,0.270374238911676,-0.070400024334986
"WASP-182 b",0.248088888040263,0.345018215168267,-0.096929327128004
"WASP-183 b",0.192263392261876,0.251267419050773,-0.059004026788897
"WASP-184 b",0.266492124044137,0.345272972766413,-0.078780848722276
"WASP-185 b",0.224571640704107,0.263750541359896,-0.039178900655789
"WASP-188 b",0.331192056730074,0.392657886021451,-0.061465829291377
"WASP-189 b",0.650696452156565,0.822433954092681,-0.171737501936116
"WASP-19 b",0.403643961560539,0.506534532392429,-0.10289057083189
"WASP-190 b",0.291624485360614,0.35036812472932,-0.058743639368706
"WASP-192 b",0.347493934483406,0.380939036506764,-0.033445102023358
"WASP-193 b",0.197712291345894,0.28769775558556,-0.089985464239666
"WASP-194 b",0.326773444279195,0.399536341171375,-0.07276289689218
"WASP-195 b",0.249867622558132,0.355972791888518,-0.106105169330386
"WASP-197 b",0.326966669421631,0.392403128423305,-0.065436459001674
"WASP-2 b",0.256047408856712,0.302218938679846,-0.046171529823134
"WASP-20 b",0.23278240777718,0.319542455353731,-0.086760047576551
"WASP-33 b",0.547040235199356,0.676890938272234,-0.129850703072878
"WASP-36 b",0.365948112243819,0.40972664509719,-0.043778532853371
"WASP-39 b",0.193641314771679,0.265279086948768,-0.071637772177089
"WASP-42 b",0.183267832932883,0.22833923521769,-0.045071402284807
"WASP-44 b",0.257910631321264,0.308842636231626,-0.050932004910362
"WASP-45 b",0.232907036561421,0.261967238172878,-0.029060201611457
"WASP-46 b",0.343411541422078,0.38501515807709,-0.041603616655012
"WASP-5 b",0.35111268193481,0.402848189947265,-0.051735508012455
"WASP-50 b",0.286633168769604,0.323577815708353,-0.036944646938749
"WASP-52 b",0.231654695016445,0.303237969072428,-0.071583274055983
"WASP-53 b",0.245024125559228,0.236491478358342,0.00853264720088601
"WASP-57 b",0.249930537588732,0.309097393829771,-0.059166856241039
"WASP-59 b",0.14647542563756,0.138919318268667,0.00755610736889301
"WASP-64 b",0.332043044977983,0.398517310778794,-0.066474265800811
"WASP-65 b",0.307025983705109,0.345272972766413,-0.038246989061304
"WASP-69 b",0.160442456721047,0.215601355310422,-0.055158898589375
"WASP-7 b",0.282789050731453,0.34705627595343,-0.064267225221977
"WASP-70 A b",0.253569163381413,0.321580516138894,-0.068011352757481
"WASP-75 b",0.3296415434845,0.403867220339847,-0.074225676855347
"WASP-76 b",0.409026995339536,0.535831656179146,-0.12680466083961
"WASP-79 b",0.317503485676571,0.405446717448348,-0.087943231771777
"WASP-80 b",0.150467867157018,0.178406745981199,-0.027938878824181
"WASP-81 b",0.297736543611834,0.3817033093012,-0.083966765689366
"WASP-83 b",0.190333760436187,0.253560237434081,-0.063226476997894
"WASP-84 b",0.142142085283926,0.15471428935368,-0.012572204069754
"WASP-84 c",0.230032117058655,0.306804575446463,-0.076772458387808
"WASP-89 b",0.332858254517633,0.253560237434081,0.079298017083552
"WASP-90 b",0.331085070751341,0.436985708098744,-0.105900637347403
"WASP-91 b",0.244292512152539,0.263750541359896,-0.019458029207357
"WASP-92 b",0.346142814322717,0.44488319364125,-0.098740379318533
"WASP-93 b",0.376066515149672,0.462970983109571,-0.086904467959899
"WASP-96 b",0.228427581776862,0.295595241128067,-0.067167659351205
"WASP-98 b",0.227589526870163,0.266552874939495,-0.038963348069332
"WD 1856+534 b",0.269870084396547,0.00975721600896743,0.26011286838758
"WISEP J121756.91+162640.2 A b",0.401772991221342,0.0828726466766871,0.318900344544655
"WTS-1 b",0.346066188846576,0.35036812472932,-0.00430193588274402
"WTS-2 b",0.382837641063899,0.477746923802002,-0.094909282738103
"Wendelstein-1 b",0.408359398133685,0.528188928234785,-0.1198295301011
"Wendelstein-2 b",0.461875201870221,0.597482994930324,-0.135607793060103
"Wolf 327 b",0.14765876883124,0.221970295264056,-0.074311526432816
"Wolf 503 b",0.113208915097155,0.169235472447966,-0.056026557350811
"XO-5 b",0.248134021599668,0.281583573230072,-0.033449551630404
"XO-6 b",0.34627629749484,0.369984459786513,-0.023708162291673
"XO-7 b",0.320455734837193,0.412274221078644,-0.091818486241451
"Earth",0.575149368020662,0.033194915038341,0.541954452982321
